385123,Kohler,https://kohler.csod.com/ats/careersite/search.aspx,139,1,"GIH, PRL, GBL", , , 
385124,Brenntag,https://brenntag.csod.com/ats/careersite/search.aspx,139,1,"GIH, PRL, GBL", , , 
385125,BBVA,https://bbva.csod.com/ats/careersite/search.aspx,139,1,"GIH, PRL, GBL", , , 
385126,Temenos,https://temenos.csod.com/ats/careersite/search.aspx,139,1,"GIH, PRL, GBL", , , 
385127,uniQure,https://uniqure.csod.com/ats/careersite/search.aspx,139,1,"GIH, PRL, GBL", , , 
385128,Henkel,https://henkel.csod.com/ats/careersite/search.aspx,139,1,"GIH, PRL, GBL", , , 
385129,Permobil,https://permobil.csod.com/ats/careersite/search.aspx,139,1,"GIH, PRL, GBL", , , 
385130,CN,https://cn360.csod.com/ats/careersite/search.aspx,139,1,"GIH, PRL, GBL", , , 
385131,Kohler,https://kohler.csod.com/ats/careersite/search.aspx,139,1,"GIH, PRL, GBL", , , 
385132,Drax,https://draxgroup.csod.com/ats/careersite/search.aspx,139,1,"GIH, PRL, GBL", , , 
385133,Americares,https://americares.csod.com/ats/careersite/search.aspx,139,1,"GIH, PRL, GBL", , , 
385134,Turner,ConstructionÂ https://turnerconstruction.csod.com/ats/careersite/search.aspx,139,1,"GIH, PRL, GBL", , , 
385135,Wespath,https://wespath.csod.com/ats/careersite/search.aspx,139,1,"GIH, PRL, GBL", , , 
385136,Xella,https://xella.csod.com/ats/careersite/search.aspx,139,1,"GIH, PRL, GBL", , , 
385137,Seadrill,https://seadrill.csod.com/ats/careersite/search.aspx,139,1,"GIH, PRL, GBL", , , 
