code,description,abc_class,description1,description2,description3,apn,group_code,brand,condition_code,default_conversion_factor,issue_ctrl,stk_licences_rebate_flag,pack_weight,title,stock_status,sales_type,user_only_alpha20_1,user_only_alpha20_2,user_only_alpha4_1,user_only_alpha4_2,user_only_alpha4_3,user_only_alpha4_4,user_only_date1,user_only_date2,user_only_num1,user_only_num2,user_only_num3,user_only_num4,pronto_user_group,pronto_user_group_1,saleability,visibility,uom,pack_size,updated_at,created_at,prices,notes,alternative_products,companion_products,inventory_quantities,uoms,categories
1074,KERSHAW CAMP 18,,KERSHAW CAMP 18,,,ZZDELETED,KER,KNIV,,1,,,0.0,,X,,,,,,,,,,0.0,0.0,0.0,0.0,,,True,True,EA,1.0,03:20 03-Mar-2025,12:17 01-Feb-2017,"{'debtor': '210326', 'breaks': [{'price_rule': '06', 'currency_code': '', 'inc_tax': '89.815', 'ex_tax': '81.65', 'min_qty': 1, 'max_qty': None}], 'base_price': {'currency_code': '', 'inc_tax': '89.815', 'ex_tax': '81.65'}}",,,,"{'warehouse': '1', 'quantity': '0.0'}{'warehouse': '9', 'quantity': '0.0'}{'warehouse': '1SRO', 'quantity': '0.0'}","{'code': 'CTN', 'conv': '1.0', 'gtin': '', 'weight': '0.0', 'height': '0.0', 'width': '0.0', 'depth': '0.0'}{'code': 'PLT', 'conv': '999999.0', 'gtin': '', 'weight': '0.0', 'height': '0.0', 'width': '0.0', 'depth': '0.0'}",KNIV|knives|100_0|KER|KER
SW2023CAT,SKYWATCHER 2023 CATALOGUE,,SKYWATCHER 2023 CATALOGUE,,,,SKY,SKYWATCHER,,1,,,0.0,,S,,,,,,,,,,0.0,0.0,0.0,0.0,,,True,True,EA,1.0,03:20 03-Mar-2025,13:20 12-Oct-2023,"{'debtor': '210326', 'breaks': [{'price_rule': '06', 'currency_code': '', 'inc_tax': '11.0', 'ex_tax': '10.0', 'min_qty': 1, 'max_qty': None}], 'base_price': {'currency_code': '', 'inc_tax': '11.0', 'ex_tax': '10.0'}}",,{'code': 'SW2023CATGLOSS'},,"{'warehouse': '1', 'quantity': '494.0'}{'warehouse': '1SL', 'quantity': '5.0'}","{'code': 'CTN', 'conv': '1.0', 'gtin': '', 'weight': '0.0', 'height': '0.0', 'width': '0.0', 'depth': '0.0'}{'code': 'EA', 'conv': '1.0', 'gtin': '', 'weight': '0.0', 'height': '0.0', 'width': '0.0', 'depth': '0.0'}{'code': 'PLT', 'conv': '999999.0', 'gtin': '', 'weight': '0.0', 'height': '0.0', 'width': '0.0', 'depth': '0.0'}",100_0|SKY|SKY|SKYWATCHER
SWA-EQ2RADRIVE,Motor Drive for EQ2 Mount,,Motor Drive for EQ2 Mount,,,9334046004861,SKY,SKYWATCHER,O,1,,,0.0,,S,,,,,,,,,,0.0,0.0,0.0,0.0,,,True,True,EA,1.0,03:20 03-Mar-2025,15:45 23-Jan-2015,"{'debtor': '210326', 'breaks': [{'price_rule': '06', 'currency_code': '', 'inc_tax': '122.012', 'ex_tax': '110.92', 'min_qty': 1, 'max_qty': None}], 'base_price': {'currency_code': '', 'inc_tax': '122.012', 'ex_tax': '110.92'}}",,,,"{'warehouse': '1', 'quantity': '9.0'}{'warehouse': '1A', 'quantity': '0.0'}","{'code': 'EA', 'conv': '1.0', 'gtin': '', 'weight': '0.0', 'height': '0.0', 'width': '0.0', 'depth': '0.0'}{'code': 'PLT', 'conv': '99999.0', 'gtin': '', 'weight': '0.0', 'height': '0.0', 'width': '0.0', 'depth': '0.0'}",200_0|drives|SKY|SKY|end-of-line-clearance|SKYWATCHER
SWA-SUNR150,Solar Filter 150mm for Refractor,,Solar Filter 150mm for,Refractor,,9334046006858,SKY,SKYWATCHER,,1,,,0.0,,S,,,,,,,,,,0.0,0.0,0.0,0.0,,,True,True,EA,1.0,03:20 03-Mar-2025,10:35 15-May-2015,"{'debtor': '210326', 'breaks': [{'price_rule': '06', 'currency_code': '', 'inc_tax': '26.18', 'ex_tax': '23.8', 'min_qty': 1, 'max_qty': None}], 'base_price': {'currency_code': '', 'inc_tax': '26.18', 'ex_tax': '23.8'}}","{'type': '**', 'note': 'skywatcher'}",,,"{'warehouse': '1', 'quantity': '7.0'}{'warehouse': 'DO', 'quantity': '0.0'}","{'code': 'CTN', 'conv': '1.0', 'gtin': '', 'weight': '0.0', 'height': '0.0', 'width': '0.0', 'depth': '0.0'}{'code': 'EA', 'conv': '1.0', 'gtin': '', 'weight': '0.0', 'height': '0.0', 'width': '0.0', 'depth': '0.0'}{'code': 'PLT', 'conv': '999999.0', 'gtin': '', 'weight': '0.0', 'height': '0.0', 'width': '0.0', 'depth': '0.0'}",100_0|SKY|SKY|solar|SKYWATCHER
SWA-SHROUD18,Cloth Shroud for 18\Collapsible Dobsonian,,Cloth Shroud for 18\,Collapsible Dobsonian,,9334046002188,SKY,SKYWATCHER,O,1,,,0.0,,S,,,,,,,,,,0.0,0.0,0.0,0.0,,,True,True,EA,1.0,03:20 03-Mar-2025,12:26 20-Mar-2015,"{'debtor': '210326', 'breaks': [{'price_rule': '06', 'currency_code': '', 'inc_tax': '129.404', 'ex_tax': '117.64', 'min_qty': 1, 'max_qty': None}], 'base_price': {'currency_code': '', 'inc_tax': '129.404', 'ex_tax': '117.64'}}","{'type': '**', 'note': 'skywatcher'}",,,"{'warehouse': '1', 'quantity': '4.0'}{'warehouse': 'RAWO', 'quantity': '0.0'}{'warehouse': '4', 'quantity': '0.0'}{'warehouse': '1SER', 'quantity': '0.0'}","{'code': 'CTN', 'conv': '1.0', 'gtin': '', 'weight': '0.0', 'height': '0.0', 'width': '0.0', 'depth': '0.0'}{'code': 'EA', 'conv': '1.0', 'gtin': '', 'weight': '0.0', 'height': '0.0', 'width': '0.0', 'depth': '0.0'}{'code': 'PLT', 'conv': '999999.0', 'gtin': '', 'weight': '0.0', 'height': '0.0', 'width': '0.0', 'depth': '0.0'}",200_0|dobacc|dob-acc|Accessories|SKY|SKY|end-of-line-clearance|SKYWATCHER
SWA-BDFF150ED,0.85x Reducer / Flattener for Evostar 150ED,,0.85x Reducer / Flattener for,Evostar 150ED,,9334046009781,SKY,SKYWATCHER,,1,,,0.0,,S,,,,,,,,,,0.0,0.0,0.0,0.0,,,True,True,EA,1.0,03:20 03-Mar-2025,08:28 13-Oct-2017,"{'debtor': '210326', 'breaks': [{'price_rule': '06', 'currency_code': '', 'inc_tax': '379.654', 'ex_tax': '345.14', 'min_qty': 1, 'max_qty': None}], 'base_price': {'currency_code': '', 'inc_tax': '379.654', 'ex_tax': '345.14'}}","{'type': '**', 'note': 'reducer/flattener skywatcher'}",,,"{'warehouse': '1', 'quantity': '3.0'}{'warehouse': '4', 'quantity': '1.0'}{'warehouse': '1SER', 'quantity': '0.0'}","{'code': 'CTN', 'conv': '1.0', 'gtin': '', 'weight': '0.0', 'height': '0.0', 'width': '0.0', 'depth': '0.0'}{'code': 'EA', 'conv': '1.0', 'gtin': '', 'weight': '0.0', 'height': '0.0', 'width': '0.0', 'depth': '0.0'}{'code': 'PLT', 'conv': '999999.0', 'gtin': '', 'weight': '0.0', 'height': '0.0', 'width': '0.0', 'depth': '0.0'}",500_0|bded|photooptics|SKY|SKY|SKYWATCHER
SWEIGHT1.7,"1.7kg Counterweight for EQ3 EQ5, White",,1.7kg Counterweight for EQ3,"EQ5, White",,,SKY,SKYWATCHER,O,1,,,0.0,,S,C2,,,,,,,,,0.0,0.0,0.0,0.0,,,True,True,EA,1.0,03:20 03-Mar-2025,09:25 28-Nov-2014,"{'debtor': '210326', 'breaks': [{'price_rule': '23', 'currency_code': '', 'inc_tax': '23.6632', 'ex_tax': '21.512', 'min_qty': 1, 'max_qty': None}], 'base_price': {'currency_code': '', 'inc_tax': '29.579', 'ex_tax': '26.89'}}","{'type': '**', 'note': '4.03.009.0075 5.05.001.0010'}",,,"{'warehouse': '1', 'quantity': '2.0'}","{'code': 'CTN', 'conv': '1.0', 'gtin': '', 'weight': '0.0', 'height': '0.0', 'width': '0.0', 'depth': '0.0'}{'code': 'EA', 'conv': '1.0', 'gtin': '', 'weight': '0.0', 'height': '0.0', 'width': '0.0', 'depth': '0.0'}{'code': 'PLT', 'conv': '999999.0', 'gtin': '', 'weight': '0.0', 'height': '0.0', 'width': '0.0', 'depth': '0.0'}",telescope-accessories|100_0|cntr-weight|skywatcher|SKY|SKY|end-of-line-clearance|SKYWATCHER
SWA-POLAR-NEQ6,Polar Scope for EQ5 NEQ6,,Polar Scope for EQ5 NEQ6,,,9334046002119,SKY,SKYWATCHER,,1,,,0.0,,S,,,,,,,,,,0.0,0.0,0.0,0.0,,,True,True,EA,1.0,03:20 03-Mar-2025,15:45 23-Jan-2015,"{'debtor': '210326', 'breaks': [{'price_rule': '06', 'currency_code': '', 'inc_tax': '54.835', 'ex_tax': '49.85', 'min_qty': 1, 'max_qty': None}], 'base_price': {'currency_code': '', 'inc_tax': '54.835', 'ex_tax': '49.85'}}","{'type': '**', 'note': 'skywatcher SWPOLAR-6'}",,,"{'warehouse': '1', 'quantity': '3.0'}{'warehouse': '1A', 'quantity': '0.0'}{'warehouse': '1EC', 'quantity': '0.0'}","{'code': 'EA', 'conv': '1.0', 'gtin': '', 'weight': '0.0', 'height': '0.0', 'width': '0.0', 'depth': '0.0'}{'code': 'PLT', 'conv': '99999.0', 'gtin': '', 'weight': '0.0', 'height': '0.0', 'width': '0.0', 'depth': '0.0'}",100_0|Polar-and-Finderscopes|skywatcher|SKY|SKY|SKYWATCHER
SWA-POLAR-EQ8,Polar Scope for EQ8,,Polar Scope for EQ8,,,9334046008371,SKY,SKYWATCHER,,1,,,0.0,,S,,,,,,,,,,0.0,0.0,0.0,0.0,,,True,True,EA,1.0,03:20 03-Mar-2025,15:45 23-Jan-2015,"{'debtor': '210326', 'breaks': [{'price_rule': '06', 'currency_code': '', 'inc_tax': '242.913', 'ex_tax': '220.83', 'min_qty': 1, 'max_qty': None}], 'base_price': {'currency_code': '', 'inc_tax': '242.913', 'ex_tax': '220.83'}}","{'type': '**', 'note': 'skywatcher'}",,,"{'warehouse': '1', 'quantity': '6.0'}{'warehouse': '1A', 'quantity': '0.0'}{'warehouse': '1SER', 'quantity': '0.0'}{'warehouse': '1EC', 'quantity': '0.0'}","{'code': 'EA', 'conv': '1.0', 'gtin': '', 'weight': '0.0', 'height': '0.0', 'width': '0.0', 'depth': '0.0'}{'code': 'PLT', 'conv': '99999.0', 'gtin': '', 'weight': '0.0', 'height': '0.0', 'width': '0.0', 'depth': '0.0'}",300_0|eq8|Polar-and-Finderscopes|SKY|SKY|SKYWATCHER
SWA-CASEED120,Aluminium Case for Evostar 120ED,,Aluminium Case for Evostar,120ED,,9334046006841,SKY,SKYWATCHER,,1,,,0.0,,S,,,,,,,,,,0.0,0.0,0.0,0.0,,,True,True,EA,1.0,03:20 03-Mar-2025,15:45 23-Jan-2015,"{'debtor': '210326', 'breaks': [{'price_rule': '06', 'currency_code': '', 'inc_tax': '218.9', 'ex_tax': '199.0', 'min_qty': 1, 'max_qty': None}], 'base_price': {'currency_code': '', 'inc_tax': '218.9', 'ex_tax': '199.0'}}","{'type': '**', 'note': 'ed120 skywatcher'}",,,"{'warehouse': '1', 'quantity': '2.0'}{'warehouse': '1A', 'quantity': '0.0'}{'warehouse': 'DO', 'quantity': '0.0'}{'warehouse': '1EC', 'quantity': '0.0'}","{'code': 'EA', 'conv': '1.0', 'gtin': '', 'weight': '0.0', 'height': '0.0', 'width': '0.0', 'depth': '0.0'}{'code': 'PLT', 'conv': '99999.0', 'gtin': '', 'weight': '0.0', 'height': '0.0', 'width': '0.0', 'depth': '0.0'}",200_0|cases|SKY|SKY|SKYWATCHER
SWA-SYNGUIDE,SynGuider V2 Autoguider,,SynGuider V2,Autoguider,,6930096620056,SKY,SKYWATCHER,,1,,,0.0,,S,,,,,,,,,,0.0,0.0,0.0,0.0,,,True,True,EA,1.0,03:20 03-Mar-2025,15:47 23-Jan-2015,"{'debtor': '210326', 'breaks': [{'price_rule': '06', 'currency_code': '', 'inc_tax': '470.47', 'ex_tax': '427.7', 'min_qty': 1, 'max_qty': None}], 'base_price': {'currency_code': '', 'inc_tax': '470.47', 'ex_tax': '427.7'}}","{'type': '**', 'note': 'skywatcher'}",,,"{'warehouse': '1', 'quantity': '1.0'}{'warehouse': '1A', 'quantity': '0.0'}{'warehouse': '4', 'quantity': '0.0'}{'warehouse': '1BB', 'quantity': '0.0'}{'warehouse': '1SER', 'quantity': '0.0'}","{'code': 'EA', 'conv': '1.0', 'gtin': '', 'weight': '0.0', 'height': '0.0', 'width': '0.0', 'depth': '0.0'}{'code': 'PLT', 'conv': '99999.0', 'gtin': '', 'weight': '0.0', 'height': '0.0', 'width': '0.0', 'depth': '0.0'}",500_0|guiding|SKY|SKY|SKYWATCHER
SWA-DOB16GTK,GoTo Upgrade Kit for 16\ Dobsonian (SynScan HC),,GoTo Upgrade Kit for 16\,Dobsonian (SynScan HC),,9334046003154,SKY,SKYWATCHER,,1,,,0.0,,S,,,,,,,,,,0.0,0.0,0.0,0.0,,,True,True,EA,1.0,03:20 03-Mar-2025,10:41 26-Mar-2015,"{'debtor': '210326', 'breaks': [{'price_rule': '06', 'currency_code': '', 'inc_tax': '2815.802', 'ex_tax': '2559.82', 'min_qty': 1, 'max_qty': None}], 'base_price': {'currency_code': '', 'inc_tax': '2815.802', 'ex_tax': '2559.82'}}","{'type': '**', 'note': 'skywatcher'}",,,"{'warehouse': '1', 'quantity': '1.0'}{'warehouse': '1A', 'quantity': '0.0'}{'warehouse': 'IO', 'quantity': '0.0'}","{'code': 'EA', 'conv': '1.0', 'gtin': '', 'weight': '0.0', 'height': '0.0', 'width': '0.0', 'depth': '0.0'}{'code': 'PLT', 'conv': '99999.0', 'gtin': '', 'weight': '0.0', 'height': '0.0', 'width': '0.0', 'depth': '0.0'}",dobacc|synscan|dob-acc|Accessories|5000_0|SKY|SKY|SKYWATCHER
SWA-POLAR-HEQ5,Polar Scope for EQ3 HEQ5,,Polar Scope for EQ3 HEQ5,,,9334046001150,SKY,SKYWATCHER,,1,,,0.0,,S,,,,,,,,,,0.0,0.0,0.0,0.0,,,True,True,EA,1.0,03:20 03-Mar-2025,15:45 23-Jan-2015,"{'debtor': '210326', 'breaks': [{'price_rule': '06', 'currency_code': '', 'inc_tax': '54.835', 'ex_tax': '49.85', 'min_qty': 1, 'max_qty': None}], 'base_price': {'currency_code': '', 'inc_tax': '54.835', 'ex_tax': '49.85'}}","{'type': '**', 'note': 'skywatcher'}",,,"{'warehouse': '1', 'quantity': '40.0'}{'warehouse': '1A', 'quantity': '0.0'}{'warehouse': '1EC', 'quantity': '0.0'}","{'code': 'EA', 'conv': '1.0', 'gtin': '', 'weight': '0.0', 'height': '0.0', 'width': '0.0', 'depth': '0.0'}{'code': 'PLT', 'conv': '99999.0', 'gtin': '', 'weight': '0.0', 'height': '0.0', 'width': '0.0', 'depth': '0.0'}",100_0|photoacc|Polar-and-Finderscopes|SKY|SKY|SKYWATCHER
SWA-LE15,UWA 15mm 1.25\ Eyepiece 58b0 AFOV,,UWA 15mm 1.25\ Eyepiece 58b0,AFOV,,9334046001181,SKY,SKYWATCHER,,1,,,0.0,,S,,,,,,,,,,0.0,0.0,0.0,0.0,,,True,True,EA,1.0,03:20 03-Mar-2025,15:47 23-Jan-2015,"{'debtor': '210326', 'breaks': [{'price_rule': '06', 'currency_code': '', 'inc_tax': '90.475', 'ex_tax': '82.25', 'min_qty': 1, 'max_qty': None}], 'base_price': {'currency_code': '', 'inc_tax': '90.475', 'ex_tax': '82.25'}}","{'type': '**', 'note': 'ultra wide angle degree inch skywatcher'}",,,"{'warehouse': '1', 'quantity': '44.0'}{'warehouse': 'IO', 'quantity': '0.0'}","{'code': 'CTN', 'conv': '1.0', 'gtin': '', 'weight': '0.0', 'height': '0.43', 'width': '0.43', 'depth': '0.19'}{'code': 'EA', 'conv': '1.0', 'gtin': '', 'weight': '12.0', 'height': '0.0', 'width': '0.0', 'depth': '0.0'}{'code': 'PLT', 'conv': '999999.0', 'gtin': '', 'weight': '0.0', 'height': '0.0', 'width': '0.0', 'depth': '0.0'}",100_0|ler|SKY|SKY|SKYWATCHER
SWA-9X50FINDER,9x50 Finderscope with Bracket,,9x50 Finderscope with Bracket,,,9334046001211,SKY,SKYWATCHER,,1,,,0.0,,S,,,,,,,,,,0.0,0.0,0.0,0.0,,,True,True,EA,1.0,03:20 03-Mar-2025,14:42 03-May-2017,"{'debtor': '210326', 'breaks': [{'price_rule': '06', 'currency_code': '', 'inc_tax': '99.088', 'ex_tax': '90.08', 'min_qty': 1, 'max_qty': None}], 'base_price': {'currency_code': '', 'inc_tax': '99.088', 'ex_tax': '90.08'}}","{'type': '**', 'note': 'skywatcher'}",,,"{'warehouse': '1', 'quantity': '40.0'}{'warehouse': '1A', 'quantity': '0.0'}{'warehouse': '1BB', 'quantity': '0.0'}{'warehouse': '1EC', 'quantity': '0.0'}","{'code': 'EA', 'conv': '1.0', 'gtin': '', 'weight': '6.5', 'height': '0.46', 'width': '0.46', 'depth': '0.25'}{'code': 'PLT', 'conv': '99999.0', 'gtin': '', 'weight': '0.0', 'height': '0.0', 'width': '0.0', 'depth': '0.0'}",100_0|Polar-and-Finderscopes|SKY|SKY|SKYWATCHER
SWA-EQ2BAR,Counterweight Bar for EQ2,,Counterweight Bar for EQ2,,,9334046003994,SKY,SKYWATCHER,,1,,,0.0,,S,,,,,,,,,,0.0,0.0,0.0,0.0,,,True,True,EA,1.0,03:20 03-Mar-2025,11:23 20-Jun-2018,"{'debtor': '210326', 'breaks': [{'price_rule': '06', 'currency_code': '', 'inc_tax': '12.243', 'ex_tax': '11.13', 'min_qty': 1, 'max_qty': None}], 'base_price': {'currency_code': '', 'inc_tax': '12.243', 'ex_tax': '11.13'}}","{'type': '**', 'note': 'weight skywatcher'}",,,"{'warehouse': '1', 'quantity': '44.0'}{'warehouse': '4', 'quantity': '1.0'}{'warehouse': '1BB', 'quantity': '0.0'}{'warehouse': '1EC', 'quantity': '0.0'}","{'code': 'CTN', 'conv': '1.0', 'gtin': '', 'weight': '0.0', 'height': '0.37', 'width': '0.25', 'depth': '0.19'}{'code': 'EA', 'conv': '1.0', 'gtin': '', 'weight': '6.1', 'height': '0.0', 'width': '0.0', 'depth': '0.0'}{'code': 'PLT', 'conv': '999999.0', 'gtin': '', 'weight': '0.0', 'height': '0.0', 'width': '0.0', 'depth': '0.0'}",100_0|cntr-weight|SKY|SKY|SKYWATCHER
SWA-LE2,UWA 2.5mm 1.25\Eyepiece 58 b0 AFOV,,UWA 2.5mm 1.25\ Eyepiece 58 0,AFOV,,9334046006445,SKY,SKYWATCHER,,1,,,0.0,,S,,,,,,,,,,0.0,0.0,0.0,0.0,,,True,True,EA,1.0,03:20 03-Mar-2025,09:29 03-Nov-2023,"{'debtor': '210326', 'breaks': [{'price_rule': '06', 'currency_code': '', 'inc_tax': '90.475', 'ex_tax': '82.25', 'min_qty': 1, 'max_qty': None}], 'base_price': {'currency_code': '', 'inc_tax': '90.475', 'ex_tax': '82.25'}}","{'type': '**', 'note': 'ultra wide angle degree inch skywatcher'}",,,"{'warehouse': '1', 'quantity': '57.0'}{'warehouse': '1A', 'quantity': '0.0'}","{'code': 'EA', 'conv': '1.0', 'gtin': '', 'weight': '10.8', 'height': '0.43', 'width': '0.43', 'depth': '0.19'}{'code': 'PLT', 'conv': '99999.0', 'gtin': '', 'weight': '0.0', 'height': '0.0', 'width': '0.0', 'depth': '0.0'}",100_0|SKY|SKY|SKYWATCHER
SWA-DOB8GTK,GoTo Upgrade Kit for 8\Dobsonian (SynScan HC),,GoTo Upgrade Kit for 8\,Dobsonian (SynScan HC),,9334046007336,SKY,SKYWATCHER,,1,,,0.0,,S,,,,,,,,,,0.0,0.0,0.0,0.0,,,True,True,EA,1.0,03:20 03-Mar-2025,15:45 23-Jan-2015,"{'debtor': '210326', 'breaks': [{'price_rule': '06', 'currency_code': '', 'inc_tax': '1431.562', 'ex_tax': '1301.42', 'min_qty': 1, 'max_qty': None}], 'base_price': {'currency_code': '', 'inc_tax': '1431.562', 'ex_tax': '1301.42'}}","{'type': '**', 'note': 'skywatcher'}",,,"{'warehouse': '1', 'quantity': '3.0'}{'warehouse': '1A', 'quantity': '0.0'}{'warehouse': 'RAWO', 'quantity': '0.0'}{'warehouse': '1SER', 'quantity': '0.0'}","{'code': 'EA', 'conv': '1.0', 'gtin': '', 'weight': '0.0', 'height': '0.0', 'width': '0.0', 'depth': '0.0'}{'code': 'PLT', 'conv': '99999.0', 'gtin': '', 'weight': '0.0', 'height': '0.0', 'width': '0.0', 'depth': '0.0'}",dobacc|synscan|dob-acc|Accessories|5000_0|SKY|SKY|SKYWATCHER
SWA-BDFF100ED,0.85x Reducer / Flattener for Evostar 100ED,,0.85x Reducer / Flattener for,Evostar 100ED,,9334046003260,SKY,SKYWATCHER,,1,,,0.0,,S,,,,,,,,,,0.0,0.0,0.0,0.0,,,True,True,EA,1.0,03:20 03-Mar-2025,15:45 23-Jan-2015,"{'debtor': '210326', 'breaks': [{'price_rule': '06', 'currency_code': '', 'inc_tax': '397.144', 'ex_tax': '361.04', 'min_qty': 1, 'max_qty': None}], 'base_price': {'currency_code': '', 'inc_tax': '397.144', 'ex_tax': '361.04'}}","{'type': '**', 'note': 'reducer/flattener skywatcher'}",,,"{'warehouse': '1', 'quantity': '4.0'}{'warehouse': '1A', 'quantity': '0.0'}{'warehouse': 'DO', 'quantity': '0.0'}{'warehouse': '1BB', 'quantity': '0.0'}{'warehouse': '1EC', 'quantity': '0.0'}","{'code': 'EA', 'conv': '1.0', 'gtin': '', 'weight': '1.1', 'height': '0.37', 'width': '0.25', 'depth': '0.19'}{'code': 'PLT', 'conv': '99999.0', 'gtin': '', 'weight': '0.0', 'height': '0.0', 'width': '0.0', 'depth': '0.0'}",500_0|bded|photoacc|photooptics|dob-acc|SKY|SKY|SKYWATCHER
SWA-BDFF120ED,0.85x Reducer / Flattener for Evostar 120ED 150ED,,0.85x Reducer / Flattener for,Evostar 120ED 150ED,,9334046003314,SKY,SKYWATCHER,,1,,,0.0,,S,,,,,,,,,,0.0,0.0,0.0,0.0,,,True,True,EA,1.0,03:20 03-Mar-2025,15:45 23-Jan-2015,"{'debtor': '210326', 'breaks': [{'price_rule': '06', 'currency_code': '', 'inc_tax': '397.144', 'ex_tax': '361.04', 'min_qty': 1, 'max_qty': None}], 'base_price': {'currency_code': '', 'inc_tax': '397.144', 'ex_tax': '361.04'}}","{'type': '**', 'note': 'reducer/flattener skywatcher'}",,,"{'warehouse': '1', 'quantity': '4.0'}{'warehouse': '1A', 'quantity': '0.0'}{'warehouse': 'DO', 'quantity': '0.0'}{'warehouse': '4', 'quantity': '0.0'}{'warehouse': '1BB', 'quantity': '0.0'}{'warehouse': '1EC', 'quantity': '0.0'}","{'code': 'EA', 'conv': '1.0', 'gtin': '', 'weight': '1.1', 'height': '0.37', 'width': '0.25', 'depth': '0.19'}{'code': 'PLT', 'conv': '99999.0', 'gtin': '', 'weight': '0.0', 'height': '0.0', 'width': '0.0', 'depth': '0.0'}",500_0|bded|photoacc|photooptics|dob-acc|SKY|SKY|SKYWATCHER
SW909EQ2,90/900 EQ2 Refractor Telescope,,90/900 EQ2 Refractor Telescope,,,9334046004410,SKY,SKYWATCHER,,1,,,0.0,,S,,,,,,,,,,0.0,0.0,0.0,0.0,,,True,True,EA,1.0,03:20 03-Mar-2025,11:50 13-Jan-2015,"{'debtor': '210326', 'breaks': [{'price_rule': '06', 'currency_code': '', 'inc_tax': '348.821', 'ex_tax': '317.11', 'min_qty': 1, 'max_qty': None}], 'base_price': {'currency_code': '', 'inc_tax': '348.821', 'ex_tax': '317.11'}}","{'type': '**', 'note': '90eq2 skywatcher'}",,,"{'warehouse': '1', 'quantity': '0.0'}{'warehouse': '1A', 'quantity': '0.0'}{'warehouse': 'DO', 'quantity': '0.0'}{'warehouse': 'IO', 'quantity': '0.0'}{'warehouse': 'RAWO', 'quantity': '0.0'}{'warehouse': '1SER', 'quantity': '0.0'}","{'code': 'EA', 'conv': '1.0', 'gtin': '', 'weight': '0.0', 'height': '0.0', 'width': '0.0', 'depth': '0.0'}{'code': 'PLT', 'conv': '99999.0', 'gtin': '', 'weight': '0.0', 'height': '0.0', 'width': '0.0', 'depth': '0.0'}",eq-refractor|500_0|az-refractor|EQ-Refractors|SKY|SKY|SKYWATCHER
SWA-DOB8GTIK,GoTo Upgrade Kit for 8\ Dobsonian (Wi-Fi),,GoTo Upgrade Kit for 8\,Dobsonian (Wi-Fi),,9334046006186,SKY,SKYWATCHER,,1,,,0.0,,S,,,,,,,,,,0.0,0.0,0.0,0.0,,,True,True,EA,1.0,03:20 03-Mar-2025,11:26 14-Jul-2022,"{'debtor': '210326', 'breaks': [{'price_rule': '06', 'currency_code': '', 'inc_tax': '1302.158', 'ex_tax': '1183.78', 'min_qty': 1, 'max_qty': None}], 'base_price': {'currency_code': '', 'inc_tax': '1302.158', 'ex_tax': '1183.78'}}","{'type': '**', 'note': 'wifi skywatcher'}",,,"{'warehouse': '1', 'quantity': '1.0'}{'warehouse': '1A', 'quantity': '0.0'}{'warehouse': 'RAWO', 'quantity': '0.0'}{'warehouse': '1BB', 'quantity': '0.0'}{'warehouse': '1SER', 'quantity': '0.0'}","{'code': 'EA', 'conv': '1.0', 'gtin': '', 'weight': '22.4', 'height': '0.75', 'width': '0.58', 'depth': '0.32'}{'code': 'PLT', 'conv': '99999.0', 'gtin': '', 'weight': '0.0', 'height': '0.0', 'width': '0.0', 'depth': '0.0'}",5000_0|SKY|SKY|SKYWATCHER
SWA-MOUNTPLATE,OTA Mounting Plate 170mm for EQ3 EQ5,,OTA Mounting Plate 170mm for,EQ3 EQ5,,,SKY,SKYWATCHER,,1,,,0.0,,S,,,,,,,,,,0.0,0.0,0.0,0.0,,,True,True,EA,1.0,03:20 03-Mar-2025,15:45 23-Jan-2015,"{'debtor': '210326', 'breaks': [{'price_rule': '06', 'currency_code': '', 'inc_tax': '18.37', 'ex_tax': '16.7', 'min_qty': 1, 'max_qty': None}], 'base_price': {'currency_code': '', 'inc_tax': '18.37', 'ex_tax': '16.7'}}","{'type': '**', 'note': 'skywatcher optical tube assembly SWDOVETAIL-150'}",,,"{'warehouse': '1', 'quantity': '20.0'}{'warehouse': '1A', 'quantity': '0.0'}{'warehouse': 'EV', 'quantity': '0.0'}{'warehouse': '1BB', 'quantity': '0.0'}","{'code': 'EA', 'conv': '1.0', 'gtin': '', 'weight': '10.2', 'height': '0.44', 'width': '0.22', 'depth': '0.22'}{'code': 'PLT', 'conv': '99999.0', 'gtin': '', 'weight': '0.0', 'height': '0.0', 'width': '0.0', 'depth': '0.0'}",100_0|dove-adapt|SKY|SKY|SKYWATCHER
SWA-SUNN76,Solar Filter 76mm for Newtonian,,Solar Filter 76mm for,Newtonian,,9334046006780,SKY,SKYWATCHER,,1,,,0.0,,S,,,,,,,,,,0.0,0.0,0.0,0.0,,,True,True,EA,1.0,03:20 03-Mar-2025,15:47 23-Jan-2015,"{'debtor': '210326', 'breaks': [{'price_rule': '06', 'currency_code': '', 'inc_tax': '16.753', 'ex_tax': '15.23', 'min_qty': 1, 'max_qty': None}], 'base_price': {'currency_code': '', 'inc_tax': '16.753', 'ex_tax': '15.23'}}","{'type': '**', 'note': 'skywatcher SWSUN-76'}",,,"{'warehouse': '1', 'quantity': '26.0'}{'warehouse': '1A', 'quantity': '0.0'}{'warehouse': 'DO', 'quantity': '0.0'}{'warehouse': '1EC', 'quantity': '0.0'}","{'code': 'EA', 'conv': '1.0', 'gtin': '', 'weight': '0.0', 'height': '0.0', 'width': '0.0', 'depth': '0.0'}{'code': 'PLT', 'conv': '99999.0', 'gtin': '', 'weight': '0.0', 'height': '0.0', 'width': '0.0', 'depth': '0.0'}",100_0|SKY|SKY|solar|SKYWATCHER
SWA-Z721,Zoom 7-21mm 1.25\ Eyepiece,,Zoom 7-21mm 1.25\ Eyepiece,,,9334046006995,SKY,SKYWATCHER,T,1,,,0.0,,S,,,,,,,,,,0.0,0.0,0.0,0.0,,,True,True,EA,1.0,03:20 03-Mar-2025,12:49 13-Jun-2024,"{'debtor': '210326', 'breaks': [{'price_rule': '06', 'currency_code': '', 'inc_tax': '149.446', 'ex_tax': '135.86', 'min_qty': 1, 'max_qty': None}], 'base_price': {'currency_code': '', 'inc_tax': '149.446', 'ex_tax': '135.86'}}","{'type': '**', 'note': 'degree inch skywatcher'}",,,"{'warehouse': '1', 'quantity': '24.0'}{'warehouse': '1A', 'quantity': '0.0'}{'warehouse': 'DO', 'quantity': '0.0'}","{'code': 'CTN', 'conv': '1.0', 'gtin': '', 'weight': '0.0', 'height': '0.0', 'width': '0.0', 'depth': '0.0'}{'code': 'EA', 'conv': '1.0', 'gtin': '', 'weight': '0.0', 'height': '0.0', 'width': '0.0', 'depth': '0.0'}{'code': 'PLT', 'conv': '999999.0', 'gtin': '', 'weight': '0.0', 'height': '0.0', 'width': '0.0', 'depth': '0.0'}",200_0|SKY|SKY|end-of-line-clearance|SKYWATCHER
SWA-DBARWIDE,"Black Dovetail Bar for Quattro 300, D-Style",,Black Dovetail Bar for Quattro,"300, D-Style",,9334046007671,SKY,SKYWATCHER,,1,,,0.0,,S,,,,,,,,,,0.0,0.0,0.0,0.0,,,True,True,EA,1.0,03:20 03-Mar-2025,15:45 23-Jan-2015,"{'debtor': '210326', 'breaks': [{'price_rule': '06', 'currency_code': '', 'inc_tax': '71.654', 'ex_tax': '65.14', 'min_qty': 1, 'max_qty': None}], 'base_price': {'currency_code': '', 'inc_tax': '71.654', 'ex_tax': '65.14'}}","{'type': '**', 'note': 'style losmandy cge skywatcher BKP300 SWDOVETAIL-WIDE'}",,,"{'warehouse': '1', 'quantity': '20.0'}{'warehouse': '1A', 'quantity': '0.0'}{'warehouse': '1BB', 'quantity': '0.0'}{'warehouse': '1SER', 'quantity': '0.0'}","{'code': 'EA', 'conv': '1.0', 'gtin': '', 'weight': '10.1', 'height': '0.44', 'width': '0.22', 'depth': '0.22'}{'code': 'PLT', 'conv': '99999.0', 'gtin': '', 'weight': '0.0', 'height': '0.0', 'width': '0.0', 'depth': '0.0'}",100_0|dove-adapt|SKY|SKY|SKYWATCHER
SWA-GUIDEMOUNT,Guidescope Mount,,Guidescope Mount,,,9334046007312,SKY,SKYWATCHER,,1,,,0.0,,S,,,,,,,,,,0.0,0.0,0.0,0.0,,,True,True,EA,1.0,03:20 03-Mar-2025,15:45 23-Jan-2015,"{'debtor': '210326', 'breaks': [{'price_rule': '06', 'currency_code': '', 'inc_tax': '265.276', 'ex_tax': '241.16', 'min_qty': 1, 'max_qty': None}], 'base_price': {'currency_code': '', 'inc_tax': '265.276', 'ex_tax': '241.16'}}","{'type': '**', 'note': 'skywatcher'}",,,"{'warehouse': '1', 'quantity': '13.0'}{'warehouse': '1A', 'quantity': '0.0'}{'warehouse': 'DO', 'quantity': '0.0'}{'warehouse': '4', 'quantity': '1.0'}{'warehouse': '1BB', 'quantity': '0.0'}{'warehouse': '1SER', 'quantity': '0.0'}","{'code': 'EA', 'conv': '1.0', 'gtin': '', 'weight': '6.7', 'height': '0.43', 'width': '0.43', 'depth': '0.19'}{'code': 'PLT', 'conv': '99999.0', 'gtin': '', 'weight': '0.0', 'height': '0.0', 'width': '0.0', 'depth': '0.0'}",300_0|guiding|SKY|SKY|SKYWATCHER
SWA-SUNM127,Solar Filter 127mm for Maksutov-Cassegrain,,Solar Filter 127mm for,Maksutov-Cassegrain,,9334046007800,SKY,SKYWATCHER,,1,,,0.0,,S,,,,,,,,,,0.0,0.0,0.0,0.0,,,True,True,EA,1.0,03:20 03-Mar-2025,15:47 23-Jan-2015,"{'debtor': '210326', 'breaks': [{'price_rule': '06', 'currency_code': '', 'inc_tax': '33.572', 'ex_tax': '30.52', 'min_qty': 1, 'max_qty': None}], 'base_price': {'currency_code': '', 'inc_tax': '33.572', 'ex_tax': '30.52'}}","{'type': '**', 'note': 'skywatcher SWSUN-M127'}",,,"{'warehouse': '1', 'quantity': '11.0'}{'warehouse': '1A', 'quantity': '0.0'}{'warehouse': 'DO', 'quantity': '0.0'}{'warehouse': '1EC', 'quantity': '0.0'}","{'code': 'EA', 'conv': '1.0', 'gtin': '', 'weight': '0.0', 'height': '0.0', 'width': '0.0', 'depth': '0.0'}{'code': 'PLT', 'conv': '99999.0', 'gtin': '', 'weight': '0.0', 'height': '0.0', 'width': '0.0', 'depth': '0.0'}",100_0|SKY|SKY|solar|SKYWATCHER
SW804PRESTO,80/400 Presto AZ Refractor Telescope,,80/400 Presto AZ Refractor,Telescope,,,SKY,SKYWATCHER,,1,,,0.0,,S,,,,,,,,,,0.0,0.0,0.0,0.0,,,True,True,EA,1.0,03:20 03-Mar-2025,11:25 22-Sep-2023,"{'debtor': '210326', 'breaks': [{'price_rule': '06', 'currency_code': '', 'inc_tax': '277.893', 'ex_tax': '252.63', 'min_qty': 1, 'max_qty': None}], 'base_price': {'currency_code': '', 'inc_tax': '277.893', 'ex_tax': '252.63'}}","{'type': '**', 'note': '80AZ alt-azsw80'}",,,"{'warehouse': '1', 'quantity': '10.0'}{'warehouse': '1A', 'quantity': '0.0'}{'warehouse': 'DO', 'quantity': '0.0'}{'warehouse': '4', 'quantity': '0.0'}{'warehouse': 'EV', 'quantity': '0.0'}{'warehouse': 'AB', 'quantity': '0.0'}","{'code': 'EA', 'conv': '1.0', 'gtin': '', 'weight': '10.0', 'height': '25.0', 'width': '44.0', 'depth': '95.0'}{'code': 'PLT', 'conv': '99999.0', 'gtin': '', 'weight': '0.0', 'height': '0.0', 'width': '0.0', 'depth': '0.0'}",300_0|SKY|SKY|SKYWATCHER
SWA-CASENEQ6,Aluminium Case for NEQ6 Mount,,Aluminium Case for NEQ6 Mount,,,9334046003024,SKY,SKYWATCHER,,1,,,0.0,,S,,,,,,,,,,0.0,0.0,0.0,0.0,,,True,True,EA,1.0,03:20 03-Mar-2025,14:51 20-Mar-2015,"{'debtor': '210326', 'breaks': [{'price_rule': '06', 'currency_code': '', 'inc_tax': '178.948', 'ex_tax': '162.68', 'min_qty': 1, 'max_qty': None}], 'base_price': {'currency_code': '', 'inc_tax': '178.948', 'ex_tax': '162.68'}}","{'type': '**', 'note': 'skywatcher'}",,,"{'warehouse': '1', 'quantity': '3.0'}{'warehouse': '1A', 'quantity': '0.0'}{'warehouse': 'DO', 'quantity': '0.0'}","{'code': 'CTN', 'conv': '1.0', 'gtin': '', 'weight': '0.0', 'height': '0.0', 'width': '0.0', 'depth': '0.0'}{'code': 'EA', 'conv': '1.0', 'gtin': '', 'weight': '4.1', 'height': '0.53', 'width': '0.24', 'depth': '0.53'}{'code': 'PLT', 'conv': '99999.0', 'gtin': '', 'weight': '0.0', 'height': '0.0', 'width': '0.0', 'depth': '0.0'}",200_0|mech|cases|SKY|SKY|SKYWATCHER
