title,URL
Counsel,https://www.usajobs.gov:443/GetJob/ViewDetails/831386100
Attorney-Advisor (General),https://www.usajobs.gov:443/GetJob/ViewDetails/831889600
General Attorney (Real Estate),https://www.usajobs.gov:443/GetJob/ViewDetails/830598200
Attorney-Advisor (General),https://www.usajobs.gov:443/GetJob/ViewDetails/831992700
Attorney-Advisor (General),https://www.usajobs.gov:443/GetJob/ViewDetails/809440800
Attorney- Advisor (General),https://www.usajobs.gov:443/GetJob/ViewDetails/831866800
Rules Committee Chief Counsel,https://www.usajobs.gov:443/GetJob/ViewDetails/827867900
Attorney Advisor,https://www.usajobs.gov:443/GetJob/ViewDetails/831043400
Assistant General Counsel,https://www.usajobs.gov:443/GetJob/ViewDetails/808697800
ATTORNEY-ADVISER (GENERAL),https://www.usajobs.gov:443/GetJob/ViewDetails/830512100
Trial Attorney,https://www.usajobs.gov:443/GetJob/ViewDetails/830237000
Attorney,https://www.usajobs.gov:443/GetJob/ViewDetails/536458000
Associate General Counsel,https://www.usajobs.gov:443/GetJob/ViewDetails/830757000
ATTORNEY ADVISOR,https://www.usajobs.gov:443/GetJob/ViewDetails/815784100
Attorney-Adviser (General),https://www.usajobs.gov:443/GetJob/ViewDetails/831076000
Attorney Adviser (Environmental),https://www.usajobs.gov:443/GetJob/ViewDetails/831001000
Attorney (Real Estate),https://www.usajobs.gov:443/GetJob/ViewDetails/830951500
General Attorney,https://www.usajobs.gov:443/GetJob/ViewDetails/831247000
SUPERVISORY ATTORNEY-ADVISER (GENERAL),https://www.usajobs.gov:443/GetJob/ViewDetails/830690800
Attorney-Adviser,https://www.usajobs.gov:443/GetJob/ViewDetails/831871100
ATTORNEY-ADVISER,https://www.usajobs.gov:443/GetJob/ViewDetails/832176100
Attorney Advisor (General),https://www.usajobs.gov:443/GetJob/ViewDetails/785916200
Attorney-Advisor (General),https://www.usajobs.gov:443/GetJob/ViewDetails/831621400
Attorney-Adviser,https://www.usajobs.gov:443/GetJob/ViewDetails/829247700
Attorney (Government Contracts),https://www.usajobs.gov:443/GetJob/ViewDetails/831716400
SUPERVISORY LOGISTICS MANAGEMENT SPECIALIST (TITLE 32),https://www.usajobs.gov:443/GetJob/ViewDetails/830540400
Supervisory Clinical Laboratory Scientist (Micro),https://www.usajobs.gov:443/GetJob/ViewDetails/830980600
MARKETING MANAGEMENT ASSISTANT - COMMERCIAL SPONSORSHIP,https://www.usajobs.gov:443/GetJob/ViewDetails/831288200
FFSP Sexual Assault Response Coordinator (SARC),https://www.usajobs.gov:443/GetJob/ViewDetails/831310300
SUPERVISORY AIRCRAFT PILOT (TITLE 32),https://www.usajobs.gov:443/GetJob/ViewDetails/831578800
Blind Rehabilitation Specialist  (Access Technology),https://www.usajobs.gov:443/GetJob/ViewDetails/831757900
Blind Rehabilitation Specialist  (Access Technology),https://www.usajobs.gov:443/GetJob/ViewDetails/831758300
Supervisory Medical Supply Technician(Sterile Processing),https://www.usajobs.gov:443/GetJob/ViewDetails/832028800
Behavioral Health Provider (O-6 Billet) Supervisory,https://www.usajobs.gov:443/GetJob/ViewDetails/832087600
Supervisory Social Worker - BHIP,https://www.usajobs.gov:443/GetJob/ViewDetails/832106900
Nursing Assistant (Float Pool),https://www.usajobs.gov:443/GetJob/ViewDetails/814615500
LOGISTICS MANAGEMENT OFFICER,https://www.usajobs.gov:443/GetJob/ViewDetails/829847500
SUPERVISORY INTELLIGENCE OPERATIONS SPECIALIST,https://www.usajobs.gov:443/GetJob/ViewDetails/830056800
SUPERVISORY INTELLIGENCE OPERATIONS SPECIALIST,https://www.usajobs.gov:443/GetJob/ViewDetails/830061900
SUPV IT SPECIALIST (PLCYPLN)(T32),https://www.usajobs.gov:443/GetJob/ViewDetails/830456400
Facility Support Worker,https://www.usajobs.gov:443/GetJob/ViewDetails/830663900
SUPERVISORY FINANCIAL SPECIALIST - TITLE 32,https://www.usajobs.gov:443/GetJob/ViewDetails/830780000
HUMAN RESOURCES SPECIALIST (LABOR RELATIONS) NF4* (RFT) MCCS HUMAN RESOURCES,https://www.usajobs.gov:443/GetJob/ViewDetails/830864900
OPERATIONS OFFICER,https://www.usajobs.gov:443/GetJob/ViewDetails/831001200
SUPERVISORY HUMAN RESOURCES SPECIALIST,https://www.usajobs.gov:443/GetJob/ViewDetails/831316200
Sexual Assault Response Coordinator (SARC),https://www.usajobs.gov:443/GetJob/ViewDetails/831409600
DIRECTOR OF MILITARY SUPPORT,https://www.usajobs.gov:443/GetJob/ViewDetails/831490800
Supervisory Transportation Security Inspector,https://www.usajobs.gov:443/GetJob/ViewDetails/831509900
Chief Operations Officer,https://www.usajobs.gov:443/GetJob/ViewDetails/831559200
Benefits Specialist,https://www.usajobs.gov:443/GetJob/ViewDetails/831563600
Customer Advocate,https://www.usajobs.gov:443/GetJob/ViewDetails/831671100
HUMAN RESOURCES SPECIALIST(EMPLOYEE RELATIONS) NF-04 RFT,https://www.usajobs.gov:443/GetJob/ViewDetails/831687900
SUPERVISORY METEOROLOGICAL TECHNICIAN,https://www.usajobs.gov:443/GetJob/ViewDetails/831775500
SUPERVISORY POLICE OFFICER,https://www.usajobs.gov:443/GetJob/ViewDetails/831893900
AIR BATTLE MANAGER (INSTRUCTOR),https://www.usajobs.gov:443/GetJob/ViewDetails/831949400
Supervisory Transportation Security Inspector,https://www.usajobs.gov:443/GetJob/ViewDetails/832006100
SEXUAL ASSAULT PREVENTION RESPONSE VICTIM ADVOCATE (SAPR VA),https://www.usajobs.gov:443/GetJob/ViewDetails/832162800
SUPV HR SPEC (MILITARY),https://www.usajobs.gov:443/GetJob/ViewDetails/832207500
Physician-Ophthalmologist,https://www.usajobs.gov:443/GetJob/ViewDetails/815748100
Physician (Psychiatry Section Chief),https://www.usajobs.gov:443/GetJob/ViewDetails/828985800
Supervisory Social Worker (PACT),https://www.usajobs.gov:443/GetJob/ViewDetails/830068100
Public Notice - Police Officer - Recruitment Incentive - Relocation Incentive,https://www.usajobs.gov:443/GetJob/ViewDetails/817198000
HOUSING MANAGEMENT ASSISTANT (TITLE 32),https://www.usajobs.gov:443/GetJob/ViewDetails/817540200
"ITCS Intern, Summer",https://www.usajobs.gov:443/GetJob/ViewDetails/831616400
"Interior Designer Intern, Summer",https://www.usajobs.gov:443/GetJob/ViewDetails/831670700
"Finance Intern, Summer",https://www.usajobs.gov:443/GetJob/ViewDetails/831670800
Supervisory Toxicologist (Forensic) or Supervisory Chemist (Forensic),https://www.usajobs.gov:443/GetJob/ViewDetails/832017200
Supervisory Toxicologist (Forensic) or Supervisory Chemist (Forensic),https://www.usajobs.gov:443/GetJob/ViewDetails/832017800
"Director, Furnishings",https://www.usajobs.gov:443/GetJob/ViewDetails/832236300
Physician - Hematology-Oncology,https://www.usajobs.gov:443/GetJob/ViewDetails/827064800
COMMAND AND CONTROL OFFICER,https://www.usajobs.gov:443/GetJob/ViewDetails/830726800
Contract Specialist Team Lead,https://www.usajobs.gov:443/GetJob/ViewDetails/831240700
Supervisory Program Analyst,https://www.usajobs.gov:443/GetJob/ViewDetails/831836900
INTELLIGENCE OFFICER (TITLE 32),https://www.usajobs.gov:443/GetJob/ViewDetails/790578100
SUPERVISORY JOINT OPERATIONS CENTER TECHNICIAN (TITLE 32),https://www.usajobs.gov:443/GetJob/ViewDetails/816337100
HOUSING MANAGEMENT ASSISTANT,https://www.usajobs.gov:443/GetJob/ViewDetails/830363000
SUPERVISORY CLOSED MICROPHONE REPORTER,https://www.usajobs.gov:443/GetJob/ViewDetails/830853200
Supervisory Interdisciplinary,https://www.usajobs.gov:443/GetJob/ViewDetails/831539500
CLOSED MICROPHONE REPORTER (OA),https://www.usajobs.gov:443/GetJob/ViewDetails/831817900
SUPERVISORY POLICE OFFICER,https://www.usajobs.gov:443/GetJob/ViewDetails/831997300
Advanced Practice Nurse (Nurse Practitioner),https://www.usajobs.gov:443/GetJob/ViewDetails/826235600
Teacher (Culinary Arts),https://www.usajobs.gov:443/GetJob/ViewDetails/831339000
Program Analysis Officer / CG-81 Office Chief,https://www.usajobs.gov:443/GetJob/ViewDetails/829671900
Aviation Safety Inspector (Airworthiness) - Assistant Principal Avionics Inspector,https://www.usajobs.gov:443/GetJob/ViewDetails/831035500
Aviation Safety Inspector (AC Flight Oversight) APOI,https://www.usajobs.gov:443/GetJob/ViewDetails/831266100
SUPERVISORY AIR TRAFFIC CONTROL SPECIALIST,https://www.usajobs.gov:443/GetJob/ViewDetails/831291600
Supervisory Airway Transportation Systems Specialist,https://www.usajobs.gov:443/GetJob/ViewDetails/831754300
"Aviation Safety Inspector (Operations), GAO, APOI, BOSTON FSDO, EASD61O",https://www.usajobs.gov:443/GetJob/ViewDetails/831827300
Supervisory Airway Transportation Systems Specialist (SSC Manager),https://www.usajobs.gov:443/GetJob/ViewDetails/831995000
Supervisory Cytotechnologist,https://www.usajobs.gov:443/GetJob/ViewDetails/832116600
Supervisory Cytotechnologist,https://www.usajobs.gov:443/GetJob/ViewDetails/832116700
ACCOUNTING OFFICER,https://www.usajobs.gov:443/GetJob/ViewDetails/781404500
Nursing Assistant,https://www.usajobs.gov:443/GetJob/ViewDetails/824408400
"Aviation Safety Inspector (Flight Oversight), Aircrew Program Manager (APM)",https://www.usajobs.gov:443/GetJob/ViewDetails/830158800
Airport Certification and Safety Inspector,https://www.usajobs.gov:443/GetJob/ViewDetails/830553900
Physician - Chief of Physical Medicine and Rehabilitation Services,https://www.usajobs.gov:443/GetJob/ViewDetails/818257200
Aviation Safety Inspector (Operations) (Fleet Training Program Manager (FTPM)),https://www.usajobs.gov:443/GetJob/ViewDetails/830291400
Aviation Safety Inspector (Operations) (Fleet Training Program Manager (FTPM)),https://www.usajobs.gov:443/GetJob/ViewDetails/830293600
Aviation Safety Inspector (Operations) (Fleet Training Program Manager (FTPM)),https://www.usajobs.gov:443/GetJob/ViewDetails/830295800
Aviation Safety Inspector (Operations) (Fleet Training Program Manager (FTPM)),https://www.usajobs.gov:443/GetJob/ViewDetails/830359500
Registered Nurse - Assistant Nurse Manager,https://www.usajobs.gov:443/GetJob/ViewDetails/830770700
Nurse Manager - Medical Intensive Care Unit,https://www.usajobs.gov:443/GetJob/ViewDetails/831068900
"Staff Academy Intern, Summer",https://www.usajobs.gov:443/GetJob/ViewDetails/831665900
Physician - Medical Director (Home-Based Primary Care),https://www.usajobs.gov:443/GetJob/ViewDetails/831954600
"Aviation Safety Inspector, Assistant Principal Operations Inspector (APOI)(Operations Roto-Heli)",https://www.usajobs.gov:443/GetJob/ViewDetails/830244200
"Aviation Safety Inspector (Operations), Aircrew Program Manager (APM) - Flight Program",https://www.usajobs.gov:443/GetJob/ViewDetails/830967800
"Aviation Safety Inspector (Airworthiness), (Avionics) Partial Program Manager (PPM) ",https://www.usajobs.gov:443/GetJob/ViewDetails/831356600
Aviation Safety Inspector (Airworthiness) Partial Program Manager (PPM)- Maintenance,https://www.usajobs.gov:443/GetJob/ViewDetails/831360700
Aviation Safety Inspector (Rotorcraft-Helicopter),https://www.usajobs.gov:443/GetJob/ViewDetails/831850800
Aviation Safety Inspector (Airworthiness) ((Avionics) Partial Program Manager (PPM) ),https://www.usajobs.gov:443/GetJob/ViewDetails/831871200
"Technology Service Desk Supervisor, IT Customer Solutions",https://www.usajobs.gov:443/GetJob/ViewDetails/832100800
"Supervisory Airway Transportation Systems Specialist, SSC Manager",https://www.usajobs.gov:443/GetJob/ViewDetails/832245500
Physician- Section Chief Primary Care Service,https://www.usajobs.gov:443/GetJob/ViewDetails/819419700
BUDGET ANALYST,https://www.usajobs.gov:443/GetJob/ViewDetails/816456900
Registered Nurse-Bed Control Head Nurse,https://www.usajobs.gov:443/GetJob/ViewDetails/823475200
Supervisory Medical Support Assistant,https://www.usajobs.gov:443/GetJob/ViewDetails/831073400
Supervisory Medical Care Trans,https://www.usajobs.gov:443/GetJob/ViewDetails/831382000
"Employee Civil Rights Intern, Summer",https://www.usajobs.gov:443/GetJob/ViewDetails/831628500
Physician (SLEEP MEDICINE AND PULMONARY SPECIALIST),https://www.usajobs.gov:443/GetJob/ViewDetails/831980200
SEXUAL ASSAULT PREVENTION AND RESPONSE VICTIM ADVOCATE (SAPR VA)-Title 5,https://www.usajobs.gov:443/GetJob/ViewDetails/821672900
Supervisory Medical Records Technician - Release of Information,https://www.usajobs.gov:443/GetJob/ViewDetails/830925100
Supervisory Medical Records Technician - Release of Information,https://www.usajobs.gov:443/GetJob/ViewDetails/830925900
EDUCATION TECHNICIAN,https://www.usajobs.gov:443/GetJob/ViewDetails/830926700
HUMAN RESOURCES SPECIALIST (R&P/CLASS),https://www.usajobs.gov:443/GetJob/ViewDetails/831457700
SUPERVISORY CONTRACTNG SPECIALIST,https://www.usajobs.gov:443/GetJob/ViewDetails/831688900
STRATEGIC COMMUNICATIONS SPECIALIST,https://www.usajobs.gov:443/GetJob/ViewDetails/831851500
Physical Therapist,https://www.usajobs.gov:443/GetJob/ViewDetails/831876100
SUPERVISORY PHYSICIAN (EMERGENCY MEDICINE),https://www.usajobs.gov:443/GetJob/ViewDetails/829453300
LOGISTICS MANAGEMENT OFFICER,https://www.usajobs.gov:443/GetJob/ViewDetails/830463300
Dietitian (Pediatrics),https://www.usajobs.gov:443/GetJob/ViewDetails/831120600
SOCIAL WORKER (SUBSTANCE ABUSE),https://www.usajobs.gov:443/GetJob/ViewDetails/831824500
Supervisory Air Traffic Control Specialist (Operations Supervisor - MSS-2),https://www.usajobs.gov:443/GetJob/ViewDetails/813740900
"Supervisory Auditor, (Chief, Tech Programs Division)",https://www.usajobs.gov:443/GetJob/ViewDetails/831264400
SUPERVISORY INTELLIGENCE SPECIALIST,https://www.usajobs.gov:443/GetJob/ViewDetails/832165500
Pharmacist,https://www.usajobs.gov:443/GetJob/ViewDetails/827837200
SUPERVISORY GENERAL ENGINEER,https://www.usajobs.gov:443/GetJob/ViewDetails/831452400
IT Specialist (Customer Support/INFOSEC),https://www.usajobs.gov:443/GetJob/ViewDetails/832110300
TRANSPORTATION ASSISTANT (OFFICE AUTOMATION),https://www.usajobs.gov:443/GetJob/ViewDetails/832165200
Supervisory Health Technician (Paramedic),https://www.usajobs.gov:443/GetJob/ViewDetails/779976200
Supervisory Health Technician (Paramedic),https://www.usajobs.gov:443/GetJob/ViewDetails/779976800
"Supervisory Air Traffic Control Specialist (Operations Supervisor), (MSS-2,) (Level 12)",https://www.usajobs.gov:443/GetJob/ViewDetails/819210900
Senior Social Worker,https://www.usajobs.gov:443/GetJob/ViewDetails/830862400
Senior Social Worker,https://www.usajobs.gov:443/GetJob/ViewDetails/830862500
Supervisory Biomedical Engineer - Clinical Chief of HTM,https://www.usajobs.gov:443/GetJob/ViewDetails/831417400
Supervisory Biomedical Engineer- Clinical Chief of HTM,https://www.usajobs.gov:443/GetJob/ViewDetails/831417600
Film Laboratory Supervisor,https://www.usajobs.gov:443/GetJob/ViewDetails/831420100
Registered Nurse - Nursing Supervisor,https://www.usajobs.gov:443/GetJob/ViewDetails/831634300
Nursing Assistant,https://www.usajobs.gov:443/GetJob/ViewDetails/831986800
PROGRAM ANALYST,https://www.usajobs.gov:443/GetJob/ViewDetails/832060500
CAREER FIELD ADMINISTRATOR,https://www.usajobs.gov:443/GetJob/ViewDetails/784886000
Nursing Assistant (CLC),https://www.usajobs.gov:443/GetJob/ViewDetails/806674400
Nursing Assistant (CLC),https://www.usajobs.gov:443/GetJob/ViewDetails/806993800
Blind Rehabilitation Specialist (Instructor),https://www.usajobs.gov:443/GetJob/ViewDetails/821468000
SUPV HR SPEC (MILITARY),https://www.usajobs.gov:443/GetJob/ViewDetails/828116400
Nursing Assistant,https://www.usajobs.gov:443/GetJob/ViewDetails/827220500
Nursing Assistant,https://www.usajobs.gov:443/GetJob/ViewDetails/827221100
SUPERVISORY GENERAL SUPPLY SPECIALIST,https://www.usajobs.gov:443/GetJob/ViewDetails/829936600
Supervisory Human Resources Specialist,https://www.usajobs.gov:443/GetJob/ViewDetails/830254000
Aviation Safety Inspector  (Maintenance),https://www.usajobs.gov:443/GetJob/ViewDetails/830572100
"Aviation Safety Inspector (Air Carrier Operations), Assistant Principal Operations Inspector",https://www.usajobs.gov:443/GetJob/ViewDetails/830987200
Aviation Safety Inspector (AC - Flight Oversight) (Assistant Principal Oversight Inspector (APOI),https://www.usajobs.gov:443/GetJob/ViewDetails/830988400
SUPERVISORY REALTY SPECIALIST,https://www.usajobs.gov:443/GetJob/ViewDetails/831391300
Supervisory Air Traffic Control Specialist  (Operations Supervisor),https://www.usajobs.gov:443/GetJob/ViewDetails/831670200
LOGISTICS MANAGEMENT SPECIALIST,https://www.usajobs.gov:443/GetJob/ViewDetails/832020100
"House Human Capital Office Intern, Summer",https://www.usajobs.gov:443/GetJob/ViewDetails/831637800
Supervisory Air Traffic Control Specialist (Operations Supervisor - MSS-2),https://www.usajobs.gov:443/GetJob/ViewDetails/825591500
SUPV INTELLIGENCE SPECIALIST,https://www.usajobs.gov:443/GetJob/ViewDetails/830888600
AIRCRAFT OVERHAUL & REPAIR SUPERVISOR,https://www.usajobs.gov:443/GetJob/ViewDetails/831071600
Supervisory Air Traffic Control Specialist (Operations Supervisor) (AT-2152-IJ),https://www.usajobs.gov:443/GetJob/ViewDetails/831089800
SUPERVISORY PROGRAM MANAGER,https://www.usajobs.gov:443/GetJob/ViewDetails/831155900
Correctional Program Specialist (Disciplinary Hearing Officer),https://www.usajobs.gov:443/GetJob/ViewDetails/831339500
Maintenance Supervisor,https://www.usajobs.gov:443/GetJob/ViewDetails/831418600
Supervisory Air Traffic Control Specialist (Operations Supervisor),https://www.usajobs.gov:443/GetJob/ViewDetails/831475700
DRUG DEMAND REDUCTION PROGRAM SPECIALIST,https://www.usajobs.gov:443/GetJob/ViewDetails/831595000
Deputy Supervisory Nurse (OPD),https://www.usajobs.gov:443/GetJob/ViewDetails/801217400
SUPERVISORY SUPPLY MANAGEMENT SPECIALIST (TITLE 32),https://www.usajobs.gov:443/GetJob/ViewDetails/823547700
Supervisory Physician (Chief Medical Officer),https://www.usajobs.gov:443/GetJob/ViewDetails/831607600
Social Worker (Acute Care),https://www.usajobs.gov:443/GetJob/ViewDetails/831016500
Social Worker (Acute Care),https://www.usajobs.gov:443/GetJob/ViewDetails/831016800
SUPERVISORY GENERAL ENGINEER,https://www.usajobs.gov:443/GetJob/ViewDetails/832154600
Registered Nurse (Assistant Nurse Manager Med/ Surg),https://www.usajobs.gov:443/GetJob/ViewDetails/831216100
OPERATIONS OFFICER - TITLE 32,https://www.usajobs.gov:443/GetJob/ViewDetails/831772100
Lead Teacher,https://www.usajobs.gov:443/GetJob/ViewDetails/832166400
"Aviation Safety Inspector, Aviation Safety Action Program Manager (Air Carrier Operations)",https://www.usajobs.gov:443/GetJob/ViewDetails/823059300
"Customer Experience Center Intern, Spring",https://www.usajobs.gov:443/GetJob/ViewDetails/831648700
"CAO Immediate Office Intern, Summer",https://www.usajobs.gov:443/GetJob/ViewDetails/831661000
Perioperative Nursing- Nurse Manager- OR/PACU/SPU & Nurse Navigation,https://www.usajobs.gov:443/GetJob/ViewDetails/832226400
Chaplain,https://www.usajobs.gov:443/GetJob/ViewDetails/832063200
PHYSICIAN ASSISTANT (ORTHOPEDIC),https://www.usajobs.gov:443/GetJob/ViewDetails/825772700
HUMAN RESOURCES SPECIALIST (EMPLOYEE/LABOR RELATIONS),https://www.usajobs.gov:443/GetJob/ViewDetails/828013600
SUPERVISORY GENERAL ENGINEER,https://www.usajobs.gov:443/GetJob/ViewDetails/831694300
SUPERVISORY FIREFIGHTER,https://www.usajobs.gov:443/GetJob/ViewDetails/831751600
Senior Social Worker,https://www.usajobs.gov:443/GetJob/ViewDetails/832043200
Supervisory Air Traffic Control Specialist (Operations Supervisor - MSS-2),https://www.usajobs.gov:443/GetJob/ViewDetails/831099100
Contract Administrator,https://www.usajobs.gov:443/GetJob/ViewDetails/831586800
Supervisory Air Traffic Control Specialist  (Operations Supervisor - MSS-2),https://www.usajobs.gov:443/GetJob/ViewDetails/831677100
Budget Analyst,https://www.usajobs.gov:443/GetJob/ViewDetails/832189400
Supervisory Air Traffic Control Specialist (Operations Supervisor - MSS-2),https://www.usajobs.gov:443/GetJob/ViewDetails/804041600
"Supervisory Air Traffic Control Specialist (Operations Supervisor, MSS-2, Level 8)",https://www.usajobs.gov:443/GetJob/ViewDetails/820584900
"Supervisory Air Traffic Control Specialist (Operations Supervisor, MSS-2, Level 8)",https://www.usajobs.gov:443/GetJob/ViewDetails/826103500
Supervisory Veterinary Medical Officer / Public Health Veterinarian (SVMO/SPHV),https://www.usajobs.gov:443/GetJob/ViewDetails/830185800
"Supervisory Air Traffic Control Specialist (Operations Supervisor (MSS-2, Level 7)",https://www.usajobs.gov:443/GetJob/ViewDetails/831128200
"Capitol Service Center Intern, Summer",https://www.usajobs.gov:443/GetJob/ViewDetails/831648600
"Administration and Logistics Intern, Summer",https://www.usajobs.gov:443/GetJob/ViewDetails/831671000
Interdisciplinary Engineer,https://www.usajobs.gov:443/GetJob/ViewDetails/831863900
Printing Services Specialist,https://www.usajobs.gov:443/GetJob/ViewDetails/832028700
RN Perioperative Nursing Service - Assistant Nurse Manager (OR/PACU/SPU/NN),https://www.usajobs.gov:443/GetJob/ViewDetails/832226300
PRINCIPAL SARC,https://www.usajobs.gov:443/GetJob/ViewDetails/831376800
Registered Nurse - Acute Care (5C),https://www.usajobs.gov:443/GetJob/ViewDetails/831529200
SUPERVISORY POLICE OFFICER (TITLE 32),https://www.usajobs.gov:443/GetJob/ViewDetails/814685900
SUPERVISORY GENERAL SUPPLY SPECIALIST (TITLE 32),https://www.usajobs.gov:443/GetJob/ViewDetails/816108000
Legal Assistant (Legal Access Officer),https://www.usajobs.gov:443/GetJob/ViewDetails/831159000
INTELLIGENCE SPECIALIST,https://www.usajobs.gov:443/GetJob/ViewDetails/831286700
Supervisory Air Traffic Control Specialist (Operations Supervisor),https://www.usajobs.gov:443/GetJob/ViewDetails/831618600
Supervisory Air Traffic Control Specialist (Operations Supervisor),https://www.usajobs.gov:443/GetJob/ViewDetails/831640200
"Supervisory Air Traffic Control Specialist, Operations Supervisor  (MSS-2, LEVEL 9)",https://www.usajobs.gov:443/GetJob/ViewDetails/831685800
Supervisory Air Traffic Control Specialist (Operations Supervisor),https://www.usajobs.gov:443/GetJob/ViewDetails/831753800
"Supervisory Air Traffic Control Specialist, Operations Supervisor",https://www.usajobs.gov:443/GetJob/ViewDetails/831928500
"Supervisory Air Traffic Control Specialist, Operations Supervisor",https://www.usajobs.gov:443/GetJob/ViewDetails/831929800
Supervisory Air Traffic Control Specialist  (Operations Supervisor),https://www.usajobs.gov:443/GetJob/ViewDetails/831944700
"Supervisory Air Traffic Control Specialist, Operations Supervisor",https://www.usajobs.gov:443/GetJob/ViewDetails/832165700
Pharmacist (Clinical) - ESEP/MP,https://www.usajobs.gov:443/GetJob/ViewDetails/813390600
Pharmacist (Clinical) - DHA,https://www.usajobs.gov:443/GetJob/ViewDetails/813390700
Deputy Director for Office of Strategic Capital,https://www.usajobs.gov:443/GetJob/ViewDetails/829067400
Transportation Assistant (OA),https://www.usajobs.gov:443/GetJob/ViewDetails/829619800
SUPERVISORY PROSTHETIC REPRESENTATIVE,https://www.usajobs.gov:443/GetJob/ViewDetails/831587700
HUMAN RESOURCES ASSISTANT (MILITARY) (TITLE 32),https://www.usajobs.gov:443/GetJob/ViewDetails/825276100
Pharmacist,https://www.usajobs.gov:443/GetJob/ViewDetails/826929200
Supervisory Air Traffic Control Specialist (Operations Supervisor ),https://www.usajobs.gov:443/GetJob/ViewDetails/831106000
HUMAN RESOURCES ASSISTANT (MILITARY) (TITLE 32),https://www.usajobs.gov:443/GetJob/ViewDetails/831683200
Supervisory Histopathology Technologist,https://www.usajobs.gov:443/GetJob/ViewDetails/831977400
HQE Senior Advisor Strategic Initiatives Group,https://www.usajobs.gov:443/GetJob/ViewDetails/832101300
Chaplain,https://www.usajobs.gov:443/GetJob/ViewDetails/831928400
Supervisory Cytotechnologist,https://www.usajobs.gov:443/GetJob/ViewDetails/831376100
Supervisory Cytotechnologist,https://www.usajobs.gov:443/GetJob/ViewDetails/831376400
SUPERVISORY QUALITY ASSURANCE SPECIALIST (AIRCRAFT),https://www.usajobs.gov:443/GetJob/ViewDetails/831567200
Paralegal Specialist,https://www.usajobs.gov:443/GetJob/ViewDetails/830350800
Paralegal Specialist,https://www.usajobs.gov:443/GetJob/ViewDetails/830351200
COMMUNITY READINESS CONSULTANT,https://www.usajobs.gov:443/GetJob/ViewDetails/831915100
Physician Assistant,https://www.usajobs.gov:443/GetJob/ViewDetails/826333300
Courtroom Deputy I,https://www.usajobs.gov:443/GetJob/ViewDetails/829326500
Chaplain,https://www.usajobs.gov:443/GetJob/ViewDetails/831484800
Chaplain,https://www.usajobs.gov:443/GetJob/ViewDetails/831485000
Legal Advisor,https://www.usajobs.gov:443/GetJob/ViewDetails/819669800
Park Ranger,https://www.usajobs.gov:443/GetJob/ViewDetails/802082200
SUPERVISORY POLICE OFFICER T32,https://www.usajobs.gov:443/GetJob/ViewDetails/827973400
EDUCATION SERVICES SPECIALIST,https://www.usajobs.gov:443/GetJob/ViewDetails/832183800
Clerk of Court,https://www.usajobs.gov:443/GetJob/ViewDetails/830953400
Probation Intake Coordinator,https://www.usajobs.gov:443/GetJob/ViewDetails/831616300
Dentist (Dental Officer),https://www.usajobs.gov:443/GetJob/ViewDetails/831162900
Student Trainee (Legal),https://www.usajobs.gov:443/GetJob/ViewDetails/829306700
Student Trainee (Legal),https://www.usajobs.gov:443/GetJob/ViewDetails/829309900
Student Trainee (Legal),https://www.usajobs.gov:443/GetJob/ViewDetails/829311700
Student Trainee (Legal),https://www.usajobs.gov:443/GetJob/ViewDetails/829348300
Lead Recreation Assistant (Lifeguard),https://www.usajobs.gov:443/GetJob/ViewDetails/831360800
SUPERVISORY HUMAN RESOURCES SPECIALIST,https://www.usajobs.gov:443/GetJob/ViewDetails/832010900
Case Administrator,https://www.usajobs.gov:443/GetJob/ViewDetails/830351800
Chaplain,https://www.usajobs.gov:443/GetJob/ViewDetails/831986900
Chaplain (Critical Care),https://www.usajobs.gov:443/GetJob/ViewDetails/831248300
SUPERVISORY SECURITY SPECIALIST,https://www.usajobs.gov:443/GetJob/ViewDetails/831669200
"Dentist (Chief, Dental Officer)",https://www.usajobs.gov:443/GetJob/ViewDetails/831640900
SOCIAL WORKER (COMMUNITY COUNSELOR),https://www.usajobs.gov:443/GetJob/ViewDetails/822067100
TRANSPORTATION ASSISTANT (QA INSPECTOR/COUNSELOR),https://www.usajobs.gov:443/GetJob/ViewDetails/829204700
CLINICAL COUNSELOR (SUBSTANCE ABUSE) NF4 - TIER II/III,https://www.usajobs.gov:443/GetJob/ViewDetails/824691200
FFSP Clinical Counselor (Generalist),https://www.usajobs.gov:443/GetJob/ViewDetails/830433900
FFSP Deployed Resiliency Counselor,https://www.usajobs.gov:443/GetJob/ViewDetails/831200100
Interdisciplinary Non-Medical Clinical Counselor,https://www.usajobs.gov:443/GetJob/ViewDetails/832060200
Licensed Professional Mental Health Counselor,https://www.usajobs.gov:443/GetJob/ViewDetails/822303900
Supervisory Counseling Psychologist,https://www.usajobs.gov:443/GetJob/ViewDetails/827287700
INTERDISCIPLINARY (NON-MEDICAL CLINICAL COUNSELOR),https://www.usajobs.gov:443/GetJob/ViewDetails/829211900
INTERDISCIPLINARY - NON-MEDICAL CLINICAL COUNSELOR,https://www.usajobs.gov:443/GetJob/ViewDetails/831197000
FFSP Clinical Counselor/ FAP Case Manager,https://www.usajobs.gov:443/GetJob/ViewDetails/831198300
FFSP Clinical Counselor / FAP Case Manager,https://www.usajobs.gov:443/GetJob/ViewDetails/832247500
FFSP Clinical Counselor/ FAP Case Manager,https://www.usajobs.gov:443/GetJob/ViewDetails/832248100
Counseling Psychologist (Substance Abuse),https://www.usajobs.gov:443/GetJob/ViewDetails/829509400
CLINICAL COUNSELOR NF4 (COMMUNITY) - ALL TIERS,https://www.usajobs.gov:443/GetJob/ViewDetails/825414200
Counseling Advocacy and Prevention Supervisor,https://www.usajobs.gov:443/GetJob/ViewDetails/830437400
Licensed Professional Mental Health Counselor,https://www.usajobs.gov:443/GetJob/ViewDetails/830603400
Licensed Professional Mental Health Counselor,https://www.usajobs.gov:443/GetJob/ViewDetails/830607400
Licensed Professional Mental Health Counselor,https://www.usajobs.gov:443/GetJob/ViewDetails/830734800
Licensed Professional Mental Health Counselor,https://www.usajobs.gov:443/GetJob/ViewDetails/831105500
Licensed Professional Mental Health Counselor,https://www.usajobs.gov:443/GetJob/ViewDetails/831105700
FFSP Associate Generalist Counselor (Advocate),https://www.usajobs.gov:443/GetJob/ViewDetails/831653100
Licensed Professional Mental Health Counselor,https://www.usajobs.gov:443/GetJob/ViewDetails/831743600
Licensed Professional Mental Health Counselor,https://www.usajobs.gov:443/GetJob/ViewDetails/831918800
Licensed Professional Mental Health Counselor,https://www.usajobs.gov:443/GetJob/ViewDetails/831919300
Dentist (Chief Dental Officer),https://www.usajobs.gov:443/GetJob/ViewDetails/831698500
"Dentist (Chief, Dental Officer)",https://www.usajobs.gov:443/GetJob/ViewDetails/831699400
PHARMACIST,https://www.usajobs.gov:443/GetJob/ViewDetails/831411300
Assistant Chief of Staff,https://www.usajobs.gov:443/GetJob/ViewDetails/831753000
"Dentist (Chief, Dental Officer)",https://www.usajobs.gov:443/GetJob/ViewDetails/831296900
Dentist (Chief Dental Officer),https://www.usajobs.gov:443/GetJob/ViewDetails/832015400
Advanced Practice Nurse (Psychiatric),https://www.usajobs.gov:443/GetJob/ViewDetails/826031100
Mission Support Division Chief,https://www.usajobs.gov:443/GetJob/ViewDetails/831981100
Magistrate Judge Courtroom Deputy,https://www.usajobs.gov:443/GetJob/ViewDetails/780360800
NURSE (COMMUNITY HEALTH),https://www.usajobs.gov:443/GetJob/ViewDetails/830771900
Program Specialist (Human Resources),https://www.usajobs.gov:443/GetJob/ViewDetails/831579400
SEXUAL ASSAULT PREVENTION & RESPONSE VICTIM ADVOCATE,https://www.usajobs.gov:443/GetJob/ViewDetails/831010700
LAW CLERK,https://www.usajobs.gov:443/GetJob/ViewDetails/823554700
Dietitian,https://www.usajobs.gov:443/GetJob/ViewDetails/824143700
Licensed Professional Mental Health Counselor,https://www.usajobs.gov:443/GetJob/ViewDetails/832203900
Court Attorney (Elbow Law Clerk for PROMESA Cases),https://www.usajobs.gov:443/GetJob/ViewDetails/832217100
Licensed Professional Mental Health Counselor,https://www.usajobs.gov:443/GetJob/ViewDetails/832220400
Licensed Professional Mental Health Counselor,https://www.usajobs.gov:443/GetJob/ViewDetails/832221000
CLINICAL COUNSELOR (FAMILY ADVOCACY) NF4 - TIER II/III,https://www.usajobs.gov:443/GetJob/ViewDetails/830906600
Child & Youth Program Assistant (SUMMER CAMP COUNSELOR),https://www.usajobs.gov:443/GetJob/ViewDetails/831569300
Licensed Professional Mental Health Counselor - BHIP,https://www.usajobs.gov:443/GetJob/ViewDetails/832062300
Licensed Professional Mental Health Counselor (LPMHC),https://www.usajobs.gov:443/GetJob/ViewDetails/830671300
Licensed Professional Mental Health Counselor (LPMHC),https://www.usajobs.gov:443/GetJob/ViewDetails/830672800
Senior Licensed Professional Mental Health Counselor,https://www.usajobs.gov:443/GetJob/ViewDetails/830730700
Senior Licensed Professional Mental Health Counselor,https://www.usajobs.gov:443/GetJob/ViewDetails/830730900
Licensed Professional Mental Health Counselor (LPMHC),https://www.usajobs.gov:443/GetJob/ViewDetails/831477200
Licensed Professional Mental Health Counselor - PCMHI,https://www.usajobs.gov:443/GetJob/ViewDetails/831772500
Licensed Professional Mental Health Counselor - PCMHI,https://www.usajobs.gov:443/GetJob/ViewDetails/831773700
Senior Licensed Professional Mental Health Counselor,https://www.usajobs.gov:443/GetJob/ViewDetails/831938500
Dietitian,https://www.usajobs.gov:443/GetJob/ViewDetails/824259100
Advanced Practice Nurse (Psychiatric),https://www.usajobs.gov:443/GetJob/ViewDetails/826031000
SUPERVISORY IT SPECIALIST (PLCYPLN/SYSANALYSIS),https://www.usajobs.gov:443/GetJob/ViewDetails/831912800
Supervisory General Supply Specialist,https://www.usajobs.gov:443/GetJob/ViewDetails/832154200
Pharmacist,https://www.usajobs.gov:443/GetJob/ViewDetails/768730000
Pharmacist,https://www.usajobs.gov:443/GetJob/ViewDetails/768730500
Commercial Sponsorship Program Coordinator NF-03,https://www.usajobs.gov:443/GetJob/ViewDetails/826736700
SUPERVISORY SECURITY SPECIALIST,https://www.usajobs.gov:443/GetJob/ViewDetails/831668600
Blind Rehabilitation Specialist - Certified Low Vision Therapist (CLVT),https://www.usajobs.gov:443/GetJob/ViewDetails/828420600
"Instructor (NCO, Air Force) JROTC",https://www.usajobs.gov:443/GetJob/ViewDetails/830978000
SUPERVISORY PROGRAM  MANAGER,https://www.usajobs.gov:443/GetJob/ViewDetails/831330400
Senior Licensed Professional Mental Health Counselor,https://www.usajobs.gov:443/GetJob/ViewDetails/832011100
SUBSTANCE ASSESMENT COUNSELING CENTER SUPERVISOR NF-4,https://www.usajobs.gov:443/GetJob/ViewDetails/832065000
"SUBSTANCE ABUSE CLINICAL COUNSELOR, NF-04/RFT, CAMP FOSTER, OKINAWA, JAPAN",https://www.usajobs.gov:443/GetJob/ViewDetails/832121500
Licensed Professional Mental Health Counselor (HUD-VASH),https://www.usajobs.gov:443/GetJob/ViewDetails/832069100
Licensed Professional Mental Health Counselor (HUD-VASH),https://www.usajobs.gov:443/GetJob/ViewDetails/832069400
"CLINICAL SPECIALIST TIER I, COMMUNITY COUNSELING CENTER NF4",https://www.usajobs.gov:443/GetJob/ViewDetails/831752400
Licensed Professional Mental Health Counselor (LPMHC) - RRTP,https://www.usajobs.gov:443/GetJob/ViewDetails/832073800
Licensed Professional Mental Health Counselor (LPMHC) - RRTP,https://www.usajobs.gov:443/GetJob/ViewDetails/832073900
Licensed Professional Mental Health Counselor - Admissions Case Manager,https://www.usajobs.gov:443/GetJob/ViewDetails/822303800
Supervisory Licensed  Professional Mental Health  Counselor,https://www.usajobs.gov:443/GetJob/ViewDetails/831843200
Supervisory Licensed  Professional Mental Health  Counselor,https://www.usajobs.gov:443/GetJob/ViewDetails/831843600
Senior Licensed Professional Mental Health Counselor -HUD/VASH,https://www.usajobs.gov:443/GetJob/ViewDetails/815013600
Senior Licensed Professional Mental Health Counselor -HUD/VASH,https://www.usajobs.gov:443/GetJob/ViewDetails/815015200
SUPERVISORY CLINICAL COUNSELOR NF4* (RFT) FAMILY ADVOCACY PROGRAM,https://www.usajobs.gov:443/GetJob/ViewDetails/830544400
Licensed Professional Mental Health Counselor Program Manger,https://www.usajobs.gov:443/GetJob/ViewDetails/831386900
Licensed Professional Mental Health Counselor Program Manager,https://www.usajobs.gov:443/GetJob/ViewDetails/831387400
"FAMILY ADVOCACY PROGRAM CLINICAL COUNSELOR (TIER II/III), NF-0101-04",https://www.usajobs.gov:443/GetJob/ViewDetails/832055300
Rehabilitation Counselor (Vocational Rehabilitation Service),https://www.usajobs.gov:443/GetJob/ViewDetails/832139800
Clinical Counselor | Family Advocacy Program NF4 Regular Full-Time,https://www.usajobs.gov:443/GetJob/ViewDetails/829461000
CLINICAL SUPERVISOR NF4* (RFT) COMMUNITY COUNSELING CENTER PROGRAM,https://www.usajobs.gov:443/GetJob/ViewDetails/831011100
Licensed Professional Mental Health Counselor (BHIP) - EDRP Approved,https://www.usajobs.gov:443/GetJob/ViewDetails/831085900
Licensed Professional Mental Health Counselor (Care Coordinator),https://www.usajobs.gov:443/GetJob/ViewDetails/831350300
INTERDISCIPLINARY PSYCHOLOGIST / SOCIAL WORKER (NON-MEDICAL CLINICAL COUNSELOR),https://www.usajobs.gov:443/GetJob/ViewDetails/831673500
INTERDISCIPLINARY PSYCHOLOGIST / SOCIAL WORKER (NON-MEDICAL CLINICAL COUNSELOR),https://www.usajobs.gov:443/GetJob/ViewDetails/831673600
Licensed Professional Mental Health Counselor (ICMHR-RANGE) - EDRP Approved,https://www.usajobs.gov:443/GetJob/ViewDetails/782932800
Licensed Professional Mental Health Counselor (ICMHR-RANGE) - EDRP Approved,https://www.usajobs.gov:443/GetJob/ViewDetails/782938600
Licensed Professional Mental Health Counselor - Mental Health Service,https://www.usajobs.gov:443/GetJob/ViewDetails/830110200
Licensed Professional Mental Heath Counselor (Program Coordinator) - RRTP,https://www.usajobs.gov:443/GetJob/ViewDetails/831881000
Licensed Professional Mental Heath Counselor (Program Coordinator) - RRTP,https://www.usajobs.gov:443/GetJob/ViewDetails/831881100
2026 Summer Internship – Office of the General Counsel – National Capitol Region,https://www.usajobs.gov:443/GetJob/ViewDetails/831678400
Trial Attorney (Office of Immigration Litigation-District Court National Security),https://www.usajobs.gov:443/GetJob/ViewDetails/831629700
Licensed Professional Mental Health Counselor - Substance Use Disorder Program (SUDP),https://www.usajobs.gov:443/GetJob/ViewDetails/831704100
Licensed Professional Mental Health Counselor - Substance Use Disorder Program (SUDP),https://www.usajobs.gov:443/GetJob/ViewDetails/831705000
Licensed Professional Mental Health Counselor (Program Manager) - Vet Center Director,https://www.usajobs.gov:443/GetJob/ViewDetails/832089100
Licensed Professional Mental Health Counselor (Program Manager) - Vet Center Director,https://www.usajobs.gov:443/GetJob/ViewDetails/832089300
Supervisory Attorney Advisor,https://www.usajobs.gov:443/GetJob/ViewDetails/830237400
Supv Attorney Adviser (MIL),https://www.usajobs.gov:443/GetJob/ViewDetails/830590200
Attorney-Adviser (International),https://www.usajobs.gov:443/GetJob/ViewDetails/831120700
Special Counsel to the Chief Judge of the Court of Appeals (13/14/15),https://www.usajobs.gov:443/GetJob/ViewDetails/831349600
Child Counselor,https://www.usajobs.gov:443/GetJob/ViewDetails/831381600
Attorney-Advisor AMC Honors Program,https://www.usajobs.gov:443/GetJob/ViewDetails/790966600
ATTORNEY (GENERAL),https://www.usajobs.gov:443/GetJob/ViewDetails/832161800
CLINICAL COUNSELOR COMMUNITY COUNSELING CENTER NF4,https://www.usajobs.gov:443/GetJob/ViewDetails/831663700
General Counsel and Associate Register of Copyrights,https://www.usajobs.gov:443/GetJob/ViewDetails/831569900
ATTORNEY-ADVISOR (GENERAL)(Title 32),https://www.usajobs.gov:443/GetJob/ViewDetails/829705600
ATTORNEY-ADVISER (GENERAL)(Title 32),https://www.usajobs.gov:443/GetJob/ViewDetails/831994000
FFSP Clinical Counselor,https://www.usajobs.gov:443/GetJob/ViewDetails/831371500
Clinical Counselor (Interdisciplinary),https://www.usajobs.gov:443/GetJob/ViewDetails/831381900
Rehabilitation Counselor,https://www.usajobs.gov:443/GetJob/ViewDetails/802880800
Rehabilitation Counselor,https://www.usajobs.gov:443/GetJob/ViewDetails/802883800
Rehabilitation Counselor,https://www.usajobs.gov:443/GetJob/ViewDetails/819329200
Substance Abuse Counselor,https://www.usajobs.gov:443/GetJob/ViewDetails/831311700
Substance Abuse Counselor,https://www.usajobs.gov:443/GetJob/ViewDetails/831444300
Counseling and Advocacy Program Supervisor,https://www.usajobs.gov:443/GetJob/ViewDetails/832126300
Trial Attorney (Federal Programs Branch),https://www.usajobs.gov:443/GetJob/ViewDetails/831604300
Counseling Psychologist (Substance Abuse),https://www.usajobs.gov:443/GetJob/ViewDetails/831270500
Counseling Psychologist (Substance Abuse),https://www.usajobs.gov:443/GetJob/ViewDetails/828786600
Assistant United States Attorney (AUSA),https://www.usajobs.gov:443/GetJob/ViewDetails/831945600
Senior Employee Assistance Counselor,https://www.usajobs.gov:443/GetJob/ViewDetails/831628400
SOCIAL WORKER (COMMUNITY COUNSELOR),https://www.usajobs.gov:443/GetJob/ViewDetails/822066900
Attorney-Adviser (Contract),https://www.usajobs.gov:443/GetJob/ViewDetails/829912200
ATTORNEY-ADVISER (GENERAL),https://www.usajobs.gov:443/GetJob/ViewDetails/830773700
General Attorney,https://www.usajobs.gov:443/GetJob/ViewDetails/830644000
General Attorney,https://www.usajobs.gov:443/GetJob/ViewDetails/831309500
ATTORNEY-ADVISOR (GENERAL),https://www.usajobs.gov:443/GetJob/ViewDetails/831833700
Attorney-Adviser (Contract),https://www.usajobs.gov:443/GetJob/ViewDetails/831757600
ATTORNEY -ADVISER (GENERAL),https://www.usajobs.gov:443/GetJob/ViewDetails/831058300
ATTORNEY-ADVISER,https://www.usajobs.gov:443/GetJob/ViewDetails/829658200
Attorney-Adviser (General),https://www.usajobs.gov:443/GetJob/ViewDetails/830245400
ATTORNEY-ADVISER (GENERAL),https://www.usajobs.gov:443/GetJob/ViewDetails/831702200
Attorney-Adviser (General),https://www.usajobs.gov:443/GetJob/ViewDetails/830598600
ATTORNEY-ADVISOR (GENERAL),https://www.usajobs.gov:443/GetJob/ViewDetails/822901100
ATTORNEY-ADVISER (GENERAL),https://www.usajobs.gov:443/GetJob/ViewDetails/831303300
SUPV ATTORNEY-ADVISER (GENERAL),https://www.usajobs.gov:443/GetJob/ViewDetails/830121100
Attorney-Adviser (General),https://www.usajobs.gov:443/GetJob/ViewDetails/831102400
Attorney-Adviser (General),https://www.usajobs.gov:443/GetJob/ViewDetails/829113700
Attorney-Adviser (General),https://www.usajobs.gov:443/GetJob/ViewDetails/831118500
Attorney-Adviser (General),https://www.usajobs.gov:443/GetJob/ViewDetails/831252300
Attorney-Adviser (General),https://www.usajobs.gov:443/GetJob/ViewDetails/830788300
ATTORNEY ADVISOR,https://www.usajobs.gov:443/GetJob/ViewDetails/830991600
Attorney-Adviser (International-Military),https://www.usajobs.gov:443/GetJob/ViewDetails/829222500
Attorney Adviser (General),https://www.usajobs.gov:443/GetJob/ViewDetails/831546000
Volunteer Law Student (Clerk),https://www.usajobs.gov:443/GetJob/ViewDetails/794209200
Trial Attorney (Appellate),https://www.usajobs.gov:443/GetJob/ViewDetails/831612500
Attorney-Adviser (international/Military,https://www.usajobs.gov:443/GetJob/ViewDetails/829222100
"Legislative Attorney (Constitutional Law, Administrative Law, or Courts and Civil Procedure)",https://www.usajobs.gov:443/GetJob/ViewDetails/812125100
Licensed Professional Mental Health Counselor - Primary Care and Mental Health Integration,https://www.usajobs.gov:443/GetJob/ViewDetails/831743500
Director of Standards of Conduct Office,https://www.usajobs.gov:443/GetJob/ViewDetails/829946400
Mental Health Service Senior Social Worker /Senior Licensed Professional Mental Health Counselor,https://www.usajobs.gov:443/GetJob/ViewDetails/830926500
Mental Health Service Senior Social Worker /Senior Licensed Professional Mental Health Counselor,https://www.usajobs.gov:443/GetJob/ViewDetails/830929300
Mental Health Service Senior Social Worker /Senior Licensed Professional Mental Health Counselor,https://www.usajobs.gov:443/GetJob/ViewDetails/830930200
Mental Health Service Senior Social Worker /Senior Licensed Professional Mental Health Counselor,https://www.usajobs.gov:443/GetJob/ViewDetails/830930600
Licensed Professional Mental Health Counselor-Residential Rehabilitation Treatment Program (RRTP),https://www.usajobs.gov:443/GetJob/ViewDetails/832109300
Licensed Professional Mental Health Counselor-Residential Rehabilitation Treatment Program (RRTP),https://www.usajobs.gov:443/GetJob/ViewDetails/832109400
Student Trainee (Legal),https://www.usajobs.gov:443/GetJob/ViewDetails/831761200
Legal Administrative Assistant,https://www.usajobs.gov:443/GetJob/ViewDetails/793762800
MANAGEMENT ANALYST,https://www.usajobs.gov:443/GetJob/ViewDetails/831581900
Investigator,https://www.usajobs.gov:443/GetJob/ViewDetails/831189400
Supervisory Cytotechnologist,https://www.usajobs.gov:443/GetJob/ViewDetails/832218700
Courtroom Deputy,https://www.usajobs.gov:443/GetJob/ViewDetails/780361200
Legal Internship/Externship Program,https://www.usajobs.gov:443/GetJob/ViewDetails/828395800
Probation Services Assistant,https://www.usajobs.gov:443/GetJob/ViewDetails/830954300
Program Manager,https://www.usajobs.gov:443/GetJob/ViewDetails/831686400
Human Resources Specialist (Military),https://www.usajobs.gov:443/GetJob/ViewDetails/831464400
Supervisory Medical Support Assistant,https://www.usajobs.gov:443/GetJob/ViewDetails/828617800
SUPERVISORY HUMAN RESOURCES SPECIALIST,https://www.usajobs.gov:443/GetJob/ViewDetails/831454100
Public Notice for Direct Hire (Contract Specialist),https://www.usajobs.gov:443/GetJob/ViewDetails/822763700
Heavy Mobile Equipment Repairer Supervisor,https://www.usajobs.gov:443/GetJob/ViewDetails/831868800
Video Communications Teacher,https://www.usajobs.gov:443/GetJob/ViewDetails/831351100
0400 Mixed Teacher/Specialist,https://www.usajobs.gov:443/GetJob/ViewDetails/831352600
SAFETY AND OCCUPATIONAL HEALTH SPECIALIST,https://www.usajobs.gov:443/GetJob/ViewDetails/831599400
Mixed Secondary Teacher,https://www.usajobs.gov:443/GetJob/ViewDetails/831638500
Third Grade Teacher,https://www.usajobs.gov:443/GetJob/ViewDetails/831638600
TRANSPORTATION ASSISTANT (PERSONAL PROPERTY),https://www.usajobs.gov:443/GetJob/ViewDetails/831779600
TRANSPORTATION ASSISTANT (PERSONAL PROPERTY),https://www.usajobs.gov:443/GetJob/ViewDetails/831780300
Health System Specialist,https://www.usajobs.gov:443/GetJob/ViewDetails/831821200
Supervisory Diagnostic Radiologic Technologist,https://www.usajobs.gov:443/GetJob/ViewDetails/801173100
Paralegal Specialist,https://www.usajobs.gov:443/GetJob/ViewDetails/831161700
COMMUNICATIONS ASSISTANT PROFESSOR,https://www.usajobs.gov:443/GetJob/ViewDetails/828279400
TRANSPORTATION ASSISTANT (PERSONAL PROPERTY/INSPECTOR),https://www.usajobs.gov:443/GetJob/ViewDetails/831528300
Assistant Federal Defender,https://www.usajobs.gov:443/GetJob/ViewDetails/822597500
Physician Assistant-DE,https://www.usajobs.gov:443/GetJob/ViewDetails/832161900
Physician Assistant-ESEP/MP,https://www.usajobs.gov:443/GetJob/ViewDetails/832162600
Physician Assistant,https://www.usajobs.gov:443/GetJob/ViewDetails/826311300
Blind Rehabilitation Specialist,https://www.usajobs.gov:443/GetJob/ViewDetails/831075400
Physician (Family Practice),https://www.usajobs.gov:443/GetJob/ViewDetails/831136600
SUPERVISORY FINANCIAL MANAGEMENT ANALYST,https://www.usajobs.gov:443/GetJob/ViewDetails/831640800
SUPERVISORY SUPPLY TECHNICIAN,https://www.usajobs.gov:443/GetJob/ViewDetails/831750700
SUPERVISORY GENERAL ENGINEER,https://www.usajobs.gov:443/GetJob/ViewDetails/831242500
SUPERVISORY ACCOUNTANT,https://www.usajobs.gov:443/GetJob/ViewDetails/831704000
U.S. Pretrial Services Officer,https://www.usajobs.gov:443/GetJob/ViewDetails/798967100
Supervisory Diagnostic Radiologic Technologist,https://www.usajobs.gov:443/GetJob/ViewDetails/801171300
CLINICAL PSYCHOLOGIST,https://www.usajobs.gov:443/GetJob/ViewDetails/828150000
SUPERVISORY PROSTHETIC REPRESENTATIVE,https://www.usajobs.gov:443/GetJob/ViewDetails/831460200
Audiologist,https://www.usajobs.gov:443/GetJob/ViewDetails/827618000
