id,url,company_name,job_board_id,active,board,,,
385123,https://kohler.csod.com/ats/careersite/search.aspx,Kohler,139,1,"GIH, PRL, GBL", , , 
385124,https://brenntag.csod.com/ats/careersite/search.aspx,Brenntag,139,1,"GIH, PRL, GBL", , , 
385125,https://bbva.csod.com/ats/careersite/search.aspx,BBVA,139,1,"GIH, PRL, GBL", , , 
385126,https://temenos.csod.com/ats/careersite/search.aspx,Temenos,139,1,"GIH, PRL, GBL", , , 
385127,https://uniqure.csod.com/ats/careersite/search.aspx,uniQure,139,1,"GIH, PRL, GBL", , , 
385128,https://henkel.csod.com/ats/careersite/search.aspx,Henkel,139,1,"GIH, PRL, GBL", , , 
385129,https://permobil.csod.com/ats/careersite/search.aspx,Permobil,139,1,"GIH, PRL, GBL", , , 
385130,https://cn360.csod.com/ats/careersite/search.aspx,CN,139,1,"GIH, PRL, GBL", , , 
385131,https://kohler.csod.com/ats/careersite/search.aspx,Kohler,139,1,"GIH, PRL, GBL", , , 
385132,https://draxgroup.csod.com/ats/careersite/search.aspx,Drax,139,1,"GIH, PRL, GBL", , , 
385133,https://americares.csod.com/ats/careersite/search.aspx,Americares,139,1,"GIH, PRL, GBL", , , 
385134,ConstructionÂ https://turnerconstruction.csod.com/ats/careersite/search.aspx,Turner,139,1,"GIH, PRL, GBL", , , 
385135,https://wespath.csod.com/ats/careersite/search.aspx,Wespath,139,1,"GIH, PRL, GBL", , , 
385136,https://xella.csod.com/ats/careersite/search.aspx,Xella,139,1,"GIH, PRL, GBL", , , 
385137,https://seadrill.csod.com/ats/careersite/search.aspx,Seadrill,139,1,"GIH, PRL, GBL", , , 
